{
  "Top": "pow2_P1_32p_wM_int",
  "RtlTop": "pow2_P1_32p_wM_int",
  "RtlPrefix": "",
  "RtlSubPrefix": "pow2_P1_32p_wM_int_",
  "SourceLanguage": "c",
  "HostMachineBits": "64",
  "FunctionProtocol": "ap_ctrl_hs",
  "ResetStyle": "control",
  "Target": {
    "Family": "virtexuplus",
    "Device": "xcvu11p",
    "Package": "-flga2577",
    "Speed": "-1-e",
    "Triple": "fpga64-xilinx-none"
  },
  "Args": {"x": {
      "index": "0",
      "direction": "in",
      "srcType": "float",
      "srcSize": "32",
      "hwRefs": [{
          "type": "port",
          "interface": "x",
          "name": "x",
          "usage": "data",
          "direction": "in"
        }]
    }},
  "ReturnValue": {
    "srcType": "float",
    "srcSize": "32",
    "hwRefs": [{
        "type": "port",
        "interface": "ap_return",
        "name": "ap_return",
        "usage": "data",
        "direction": "out"
      }]
  },
  "HlsSolution": {
    "FlowTarget": "vivado",
    "DirectiveTcl": ["set_directive_top pow2_P1_32p_wM_int -name pow2_P1_32p_wM_int"],
    "ProfileOption": "0",
    "ProfileType": "none",
    "KernelName": "pow2_P1_32p_wM_int"
  },
  "ClockInfo": {
    "ClockName": "ap_clk",
    "ClockPeriod": "10",
    "Uncertainty": "2",
    "IsCombinational": "0",
    "II": "7",
    "Latency": "6"
  },
  "Xdc": {"OocClocks": ["create_clock -name ap_clk -period 10.000 [get_ports ap_clk]"]},
  "Ipx": {
    "Vendor": "xilinx.com",
    "Library": "hls",
    "Name": "pow2_P1_32p_wM_int",
    "Version": "1.0",
    "DisplayName": "Pow2_p1_32p_wm_int",
    "Revision": "2113121593",
    "Description": "An IP generated by Vitis HLS",
    "Taxonomy": "\/VITIS_HLS_IP",
    "AutoFamilySupport": "",
    "ZipFile": "xilinx_com_hls_pow2_P1_32p_wM_int_1_0.zip"
  },
  "Files": {
    "CSource": ["..\/..\/pow2_P1_32p_wM_int.c"],
    "Vhdl": [
      "impl\/vhdl\/pow2_P1_32p_wM_int_alpha_ROM_AUTO_1R.vhd",
      "impl\/vhdl\/pow2_P1_32p_wM_int_beta_ROM_AUTO_1R.vhd",
      "impl\/vhdl\/pow2_P1_32p_wM_int_fadd_32ns_32ns_32_3_full_dsp_1.vhd",
      "impl\/vhdl\/pow2_P1_32p_wM_int_fmul_32ns_32ns_32_2_max_dsp_1.vhd",
      "impl\/vhdl\/pow2_P1_32p_wM_int_mul_23ns_24ns_47_1_1.vhd",
      "impl\/vhdl\/pow2_P1_32p_wM_int.vhd"
    ],
    "Verilog": [
      "impl\/verilog\/pow2_P1_32p_wM_int_alpha_ROM_AUTO_1R.dat",
      "impl\/verilog\/pow2_P1_32p_wM_int_alpha_ROM_AUTO_1R.v",
      "impl\/verilog\/pow2_P1_32p_wM_int_beta_ROM_AUTO_1R.dat",
      "impl\/verilog\/pow2_P1_32p_wM_int_beta_ROM_AUTO_1R.v",
      "impl\/verilog\/pow2_P1_32p_wM_int_fadd_32ns_32ns_32_3_full_dsp_1.v",
      "impl\/verilog\/pow2_P1_32p_wM_int_fmul_32ns_32ns_32_2_max_dsp_1.v",
      "impl\/verilog\/pow2_P1_32p_wM_int_mul_23ns_24ns_47_1_1.v",
      "impl\/verilog\/pow2_P1_32p_wM_int.v"
    ],
    "IpMisc": ["impl\/misc\/logo.png"],
    "Subcore": [
      "impl\/misc\/pow2_P1_32p_wM_int_fadd_32ns_32ns_32_3_full_dsp_1_ip.tcl",
      "impl\/misc\/pow2_P1_32p_wM_int_fmul_32ns_32ns_32_2_max_dsp_1_ip.tcl"
    ],
    "CsynthXml": "syn\/report\/csynth.xml",
    "DebugDir": ".debug",
    "KernelXml": ".autopilot\/db\/kernel.internal.xml",
    "Xo": "",
    "XoHlsDir": "",
    "ProtoInst": [".debug\/pow2_P1_32p_wM_int.protoinst"]
  },
  "SubcoreInfo": {
    "HasXpmMemory": false,
    "HasClockedDsp": false,
    "Ip": [
      {
        "Name": "pow2_P1_32p_wM_int_fadd_32ns_32ns_32_3_full_dsp_1_ip",
        "Vlnv": "xilinx.com:ip:floating_point:7.1",
        "Params": "CONFIG.a_precision_type Single CONFIG.a_tuser_width 1 CONFIG.add_sub_value Add CONFIG.b_tuser_width 1 CONFIG.c_a_exponent_width 8 CONFIG.c_a_fraction_width 24 CONFIG.c_compare_operation Programmable CONFIG.c_has_divide_by_zero false CONFIG.c_has_invalid_op false CONFIG.c_has_overflow false CONFIG.c_has_underflow false CONFIG.c_latency 1 CONFIG.c_mult_usage Full_Usage CONFIG.c_optimization Speed_Optimized CONFIG.c_rate 1 CONFIG.c_result_exponent_width 8 CONFIG.c_result_fraction_width 24 CONFIG.component_name pow2_P1_32p_wM_int_fadd_32ns_32ns_32_3_full_dsp_1_ip CONFIG.flow_control NonBlocking CONFIG.has_a_tlast false CONFIG.has_a_tuser false CONFIG.has_aclken true CONFIG.has_aresetn false CONFIG.has_b_tlast false CONFIG.has_b_tuser false CONFIG.has_operation_tlast false CONFIG.has_operation_tuser false CONFIG.has_result_tready false CONFIG.maximum_latency false CONFIG.operation_tuser_width 1 CONFIG.operation_type Add_Subtract CONFIG.result_precision_type Single CONFIG.result_tlast_behv Null"
      },
      {
        "Name": "pow2_P1_32p_wM_int_fmul_32ns_32ns_32_2_max_dsp_1_ip",
        "Vlnv": "xilinx.com:ip:floating_point:7.1",
        "Params": "CONFIG.a_precision_type Single CONFIG.a_tuser_width 1 CONFIG.add_sub_value Both CONFIG.b_tuser_width 1 CONFIG.c_a_exponent_width 8 CONFIG.c_a_fraction_width 24 CONFIG.c_compare_operation Programmable CONFIG.c_has_divide_by_zero false CONFIG.c_has_invalid_op false CONFIG.c_has_overflow false CONFIG.c_has_underflow false CONFIG.c_latency 0 CONFIG.c_mult_usage Max_Usage CONFIG.c_optimization Speed_Optimized CONFIG.c_rate 1 CONFIG.c_result_exponent_width 8 CONFIG.c_result_fraction_width 24 CONFIG.component_name pow2_P1_32p_wM_int_fmul_32ns_32ns_32_2_max_dsp_1_ip CONFIG.flow_control NonBlocking CONFIG.has_a_tlast false CONFIG.has_a_tuser false CONFIG.has_aclken false CONFIG.has_aresetn false CONFIG.has_b_tlast false CONFIG.has_b_tuser false CONFIG.has_operation_tlast false CONFIG.has_operation_tuser false CONFIG.has_result_tready false CONFIG.maximum_latency false CONFIG.operation_tuser_width 1 CONFIG.operation_type Multiply CONFIG.result_precision_type Single CONFIG.result_tlast_behv Null"
      }
    ]
  },
  "Interfaces": {
    "ap_clk": {
      "type": "clock",
      "busTypeName": "clock",
      "mode": "slave",
      "busParams": {"ASSOCIATED_RESET": "ap_rst"},
      "portMap": {"ap_clk": "CLK"},
      "ports": ["ap_clk"]
    },
    "ap_rst": {
      "type": "reset",
      "busTypeName": "reset",
      "mode": "slave",
      "busParams": {"POLARITY": "ACTIVE_HIGH"},
      "portMap": {"ap_rst": "RST"},
      "ports": ["ap_rst"]
    },
    "ap_ctrl": {
      "type": "ap_ctrl",
      "busTypeName": "acc_handshake",
      "mode": "slave",
      "portMap": {
        "ap_start": "start",
        "ap_done": "done",
        "ap_idle": "idle",
        "ap_ready": "ready"
      },
      "ports": [
        "ap_done",
        "ap_idle",
        "ap_ready",
        "ap_start"
      ]
    },
    "ap_return": {
      "type": "data",
      "busTypeName": "data",
      "protocol": "ap_ctrl_hs",
      "mode": "master",
      "dataWidth": "32",
      "portMap": {"ap_return": "DATA"},
      "ports": ["ap_return"]
    },
    "x": {
      "type": "data",
      "busTypeName": "data",
      "protocol": "ap_none",
      "mode": "slave",
      "dataWidth": "32",
      "portMap": {"x": "DATA"},
      "ports": ["x"],
      "constraints": [{
          "constraint_type": "pragma interface",
          "mode": "ap_none",
          "register_option": "0",
          "argName": "x"
        }]
    }
  },
  "RtlPorts": {
    "ap_clk": {
      "dir": "in",
      "width": "1"
    },
    "ap_rst": {
      "dir": "in",
      "width": "1"
    },
    "ap_start": {
      "dir": "in",
      "width": "1"
    },
    "ap_done": {
      "dir": "out",
      "width": "1"
    },
    "ap_idle": {
      "dir": "out",
      "width": "1"
    },
    "ap_ready": {
      "dir": "out",
      "width": "1"
    },
    "ap_return": {
      "dir": "out",
      "width": "32"
    },
    "x": {
      "dir": "in",
      "width": "32"
    }
  },
  "ModuleInfo": {
    "Hierarchy": {"ModuleName": "pow2_P1_32p_wM_int"},
    "Info": {"pow2_P1_32p_wM_int": {
        "FunctionProtocol": "ap_ctrl_hs",
        "isTaskLevelControl": "0",
        "isPipelined": "0",
        "isCombinational": "0",
        "isOneStateSeq": "0"
      }},
    "Metrics": {"pow2_P1_32p_wM_int": {
        "Latency": {
          "LatencyBest": "6",
          "LatencyAvg": "6",
          "LatencyWorst": "6",
          "PipelineII": "7",
          "PipelineDepth": "",
          "PipelineType": "no"
        },
        "Timing": {
          "Target": "10.00",
          "Uncertainty": "2.00",
          "Estimate": "7.297"
        },
        "Area": {
          "BRAM_18K": "0",
          "AVAIL_BRAM": "4032",
          "UTIL_BRAM": "0",
          "DSP": "7",
          "AVAIL_DSP": "9216",
          "UTIL_DSP": "~0",
          "FF": "454",
          "AVAIL_FF": "2592000",
          "UTIL_FF": "~0",
          "LUT": "1102",
          "AVAIL_LUT": "1296000",
          "UTIL_LUT": "~0",
          "URAM": "0",
          "AVAIL_URAM": "960",
          "UTIL_URAM": "0"
        }
      }}
  },
  "GenerateBdFiles": "0",
  "GenData": {
    "DataVersion": "0.2",
    "Time": "2023-07-17 00:13:10 CEST",
    "ToolName": "vitis_hls",
    "ToolVersion": "2022.1"
  }
}
