<?xml version="1.0" encoding="utf-8"?>
<Messages>
	<Message severity="INFO" prefix="[HLS 200-111]" key="HLS_111_966" tag="RUNTIME" content="Finished File checks and directory preparation: CPU user time: 0.01 seconds. CPU system time: 0 seconds. Elapsed time: 0.01 seconds; current allocated memory: 1.229 GB." resolution=""/>
	<Message severity="INFO" prefix="[HLS 200-10]" key="HLS_10_1312" tag="" content="Analyzing design file &apos;exp_P1_4pM.c&apos; ..." resolution=""/>
	<Message severity="WARNING" prefix="[HLS 207-3917]" key="HLS 207-3917" tag="" content="excess elements in array initializer (exp_P1_4pM.c:2:43)" resolution=""/>
	<Message severity="WARNING" prefix="[HLS 207-919]" key="HLS 207-919" tag="" content="treating Unicode character as whitespace (exp_P1_4pM.c:6:6)" resolution=""/>
	<Message severity="INFO" prefix="[HLS 200-111]" key="HLS_111_966" tag="RUNTIME" content="Finished Source Code Analysis and Preprocessing: CPU user time: 0.45 seconds. CPU system time: 0.13 seconds. Elapsed time: 0.28 seconds; current allocated memory: 1.229 GB." resolution=""/>
	<Message severity="INFO" prefix="[HLS 200-777]" key="HLS 200-777" tag="" content="Using interface defaults for &apos;Vivado&apos; flow target." resolution=""/>
	<Message severity="INFO" prefix="[HLS 214-178]" key="HLS 214-178" tag="" content="Inlining function &apos;fp_struct&lt;float&gt;::fp_struct(float)&apos; into &apos;int generic_cast_IEEE754&lt;int, (ap_q_mode)6, float&gt;(float, bool, hls::enable_if&lt;std::numeric_limits&lt;int&gt;::is_signed, bool&gt;::type)&apos; (/wrk/ci/prod/2022.1/rdi_builds/continuous/2022_04_18_3526262/src/shared/hls/clib/hlsmath/include/FloatingPoint/hls_case_IEEE754.h:12:0)" resolution=""/>
	<Message severity="INFO" prefix="[HLS 214-178]" key="HLS 214-178" tag="" content="Inlining function &apos;fp_struct&lt;float&gt;::mantissa() const&apos; into &apos;int generic_cast_IEEE754&lt;int, (ap_q_mode)6, float&gt;(float, bool, hls::enable_if&lt;std::numeric_limits&lt;int&gt;::is_signed, bool&gt;::type)&apos; (/wrk/ci/prod/2022.1/rdi_builds/continuous/2022_04_18_3526262/src/shared/hls/clib/hlsmath/include/FloatingPoint/hls_case_IEEE754.h:12:0)" resolution=""/>
	<Message severity="INFO" prefix="[HLS 214-178]" key="HLS 214-178" tag="" content="Inlining function &apos;fp_struct&lt;float&gt;::expv() const&apos; into &apos;int generic_cast_IEEE754&lt;int, (ap_q_mode)6, float&gt;(float, bool, hls::enable_if&lt;std::numeric_limits&lt;int&gt;::is_signed, bool&gt;::type)&apos; (/wrk/ci/prod/2022.1/rdi_builds/continuous/2022_04_18_3526262/src/shared/hls/clib/hlsmath/include/FloatingPoint/hls_case_IEEE754.h:12:0)" resolution=""/>
	<Message severity="INFO" prefix="[HLS 214-178]" key="HLS 214-178" tag="" content="Inlining function &apos;fp_struct&lt;float&gt;::__signbit() const&apos; into &apos;int generic_cast_IEEE754&lt;int, (ap_q_mode)6, float&gt;(float, bool, hls::enable_if&lt;std::numeric_limits&lt;int&gt;::is_signed, bool&gt;::type)&apos; (/wrk/ci/prod/2022.1/rdi_builds/continuous/2022_04_18_3526262/src/shared/hls/clib/hlsmath/include/FloatingPoint/hls_case_IEEE754.h:12:0)" resolution=""/>
	<Message severity="INFO" prefix="[HLS 214-178]" key="HLS 214-178" tag="" content="Inlining function &apos;int generic_cast_IEEE754&lt;int, (ap_q_mode)6, float&gt;(float, bool, hls::enable_if&lt;std::numeric_limits&lt;int&gt;::is_signed, bool&gt;::type)&apos; into &apos;int generic_cast_IEEE754&lt;int, float&gt;(float, bool)&apos; (/wrk/ci/prod/2022.1/rdi_builds/continuous/2022_04_18_3526262/src/shared/hls/clib/hlsmath/include/FloatingPoint/hls_case_IEEE754.h:116:0)" resolution=""/>
	<Message severity="INFO" prefix="[HLS 214-178]" key="HLS 214-178" tag="" content="Inlining function &apos;int generic_cast_IEEE754&lt;int, float&gt;(float, bool)&apos; into &apos;__hls_fptosi_float_i32&apos; (/wrk/ci/prod/2022.1/rdi_builds/continuous/2022_04_18_3526262/src/shared/hls/clib/hlsmath/src/lib_floatconversion.cpp:51:0)" resolution=""/>
	<Message severity="INFO" prefix="[HLS 214-178]" key="HLS 214-178" tag="" content="Inlining function &apos;__hls_fptosi_float_i32&apos; into &apos;exp_P1_4pM&apos; (exp_P1_4pM.c:4:0)" resolution=""/>
	<Message severity="INFO" prefix="[HLS 200-111]" key="HLS_111_966" tag="RUNTIME" content="Finished Compiling Optimization and Transform: CPU user time: 4.16 seconds. CPU system time: 0.26 seconds. Elapsed time: 3.72 seconds; current allocated memory: 224.984 MB." resolution=""/>
	<Message severity="INFO" prefix="[HLS 200-111]" key="HLS_111_966" tag="RUNTIME" content="Finished Checking Pragmas: CPU user time: 0 seconds. CPU system time: 0 seconds. Elapsed time: 0 seconds; current allocated memory: 224.984 MB." resolution=""/>
	<Message severity="INFO" prefix="[HLS 200-10]" key="HLS_10_1467" tag="" content="Starting code transformations ..." resolution=""/>
	<Message severity="INFO" prefix="[HLS 200-111]" key="HLS_111_966" tag="RUNTIME" content="Finished Standard Transforms: CPU user time: 0.06 seconds. CPU system time: 0 seconds. Elapsed time: 0.06 seconds; current allocated memory: 243.234 MB." resolution=""/>
	<Message severity="INFO" prefix="[HLS 200-10]" key="HLS_10_1472" tag="" content="Checking synthesizability ..." resolution=""/>
	<Message severity="INFO" prefix="[HLS 200-111]" key="HLS_111_966" tag="RUNTIME" content="Finished Checking Synthesizability: CPU user time: 0.16 seconds. CPU system time: 0.01 seconds. Elapsed time: 0.17 seconds; current allocated memory: 267.320 MB." resolution=""/>
	<Message severity="INFO" prefix="[XFORM 203-102]" key="XFORM_AUTO_PARTITION_STATUS_115" tag="" content="Automatically partitioning small array &apos;beta&apos; completely based on array size." resolution=""/>
	<Message severity="INFO" prefix="[XFORM 203-102]" key="XFORM_AUTO_PARTITION_STATUS_115" tag="" content="Automatically partitioning small array &apos;alpha&apos; completely based on array size." resolution=""/>
	<Message severity="INFO" prefix="[XFORM 203-101]" key="XFORM_PARTITION_STATUS_116" tag="" content="Partitioning array &apos;beta&apos; in dimension 1 completely." resolution=""/>
	<Message severity="INFO" prefix="[XFORM 203-101]" key="XFORM_PARTITION_STATUS_116" tag="" content="Partitioning array &apos;alpha&apos; in dimension 1 completely." resolution=""/>
	<Message severity="INFO" prefix="[XFORM 203-603]" key="XFORM_INLINE_STATUS_221" tag="" content="Inlining function &apos;aesl_mux_load.4floatP0A.i2&apos; into &apos;exp_P1_4pM&apos; (exp_P1_4pM.c:11)." resolution=""/>
	<Message severity="INFO" prefix="[XFORM 203-603]" key="XFORM_INLINE_STATUS_221" tag="" content="Inlining function &apos;aesl_mux_load.3i32P0A.i2&apos; into &apos;exp_P1_4pM&apos; (exp_P1_4pM.c:11)." resolution=""/>
	<Message severity="INFO" prefix="[HLS 200-111]" key="HLS_111_966" tag="RUNTIME" content="Finished Loop, function and other optimizations: CPU user time: 0.21 seconds. CPU system time: 0 seconds. Elapsed time: 0.21 seconds; current allocated memory: 310.863 MB." resolution=""/>
	<Message severity="INFO" prefix="[HLS 200-111]" key="HLS_111_966" tag="RUNTIME" content="Finished Architecture Synthesis: CPU user time: 0.1 seconds. CPU system time: 0 seconds. Elapsed time: 0.12 seconds; current allocated memory: 316.715 MB." resolution=""/>
	<Message severity="INFO" prefix="[HLS 200-10]" key="HLS_10_1317" tag="" content="Starting hardware synthesis ..." resolution=""/>
	<Message severity="INFO" prefix="[HLS 200-10]" key="HLS_10_1385" tag="" content="Synthesizing &apos;exp_P1_4pM&apos; ..." resolution=""/>
	<Message severity="INFO" prefix="[HLS 200-10]" key="HLS_10_1477" tag="" content="----------------------------------------------------------------" resolution=""/>
	<Message severity="INFO" prefix="[HLS 200-42]" key="HLS_42_1438" tag="" content="-- Implementing module &apos;exp_P1_4pM&apos;" resolution=""/>
	<Message severity="INFO" prefix="[HLS 200-10]" key="HLS_10_1478" tag="" content="----------------------------------------------------------------" resolution=""/>
	<Message severity="INFO" prefix="[SCHED 204-11]" key="SCHED_SCHED_STATUS_597" tag="" content="Starting scheduling ..." resolution=""/>
	<Message severity="INFO" prefix="[SCHED 204-11]" key="SCHED_SCHED_STATUS_596" tag="" content="Finished scheduling." resolution=""/>
	<Message severity="INFO" prefix="[HLS 200-111]" key="HLS_111_966" tag="RUNTIME" content="Finished Scheduling: CPU user time: 0.12 seconds. CPU system time: 0.02 seconds. Elapsed time: 0.12 seconds; current allocated memory: 316.715 MB." resolution=""/>
	<Message severity="INFO" prefix="[BIND 205-100]" key="BIND_100_926" tag="" content="Starting micro-architecture generation ..." resolution=""/>
	<Message severity="INFO" prefix="[BIND 205-101]" key="BIND_101_698" tag="" content="Performing variable lifetime analysis." resolution=""/>
	<Message severity="INFO" prefix="[BIND 205-101]" key="BIND_101_697" tag="" content="Exploring resource sharing." resolution=""/>
	<Message severity="INFO" prefix="[BIND 205-101]" key="BIND_101_693" tag="" content="Binding ..." resolution=""/>
	<Message severity="INFO" prefix="[BIND 205-100]" key="BIND_100_925" tag="" content="Finished micro-architecture generation." resolution=""/>
	<Message severity="INFO" prefix="[HLS 200-111]" key="HLS_111_966" tag="RUNTIME" content="Finished Binding: CPU user time: 0.09 seconds. CPU system time: 0.01 seconds. Elapsed time: 0.09 seconds; current allocated memory: 316.715 MB." resolution=""/>
	<Message severity="INFO" prefix="[HLS 200-10]" key="HLS_10_1483" tag="" content="----------------------------------------------------------------" resolution=""/>
	<Message severity="INFO" prefix="[HLS 200-10]" key="HLS_10_1484" tag="" content="-- Generating RTL for module &apos;exp_P1_4pM&apos;" resolution=""/>
	<Message severity="INFO" prefix="[HLS 200-10]" key="HLS_10_1485" tag="" content="----------------------------------------------------------------" resolution=""/>
	<Message severity="INFO" prefix="[RTGEN 206-500]" key="PREPROC_IO_COMP_CONFLICT_1950" tag="" content="Setting interface mode on port &apos;exp_P1_4pM/x&apos; to &apos;ap_none&apos;." resolution=""/>
	<Message severity="INFO" prefix="[RTGEN 206-500]" key="PREPROC_IO_COMP_CONFLICT_1950" tag="" content="Setting interface mode on function &apos;exp_P1_4pM&apos; to &apos;ap_ctrl_hs&apos;." resolution=""/>
	<Message severity="INFO" prefix="[RTGEN 206-100]" key="RTGEN_100_855" tag="" content="Generating core module &apos;fadd_32ns_32ns_32_3_full_dsp_1&apos;: 1 instance(s)." resolution=""/>
	<Message severity="INFO" prefix="[RTGEN 206-100]" key="RTGEN_100_855" tag="" content="Generating core module &apos;fmul_32ns_32ns_32_2_max_dsp_1&apos;: 1 instance(s)." resolution=""/>
	<Message severity="INFO" prefix="[RTGEN 206-100]" key="RTGEN_100_855" tag="" content="Generating core module &apos;mux_42_32_1_1&apos;: 1 instance(s)." resolution=""/>
	<Message severity="INFO" prefix="[RTGEN 206-100]" key="RTGEN_100_855" tag="" content="Generating core module &apos;sitofp_32ns_32_2_no_dsp_1&apos;: 1 instance(s)." resolution=""/>
	<Message severity="INFO" prefix="[RTGEN 206-100]" key="RTGEN_100_856" tag="" content="Finished creating RTL model for &apos;exp_P1_4pM&apos;." resolution=""/>
	<Message severity="INFO" prefix="[HLS 200-111]" key="HLS_111_966" tag="RUNTIME" content="Finished Creating RTL model: CPU user time: 0.1 seconds. CPU system time: 0 seconds. Elapsed time: 0.1 seconds; current allocated memory: 316.715 MB." resolution=""/>
	<Message severity="INFO" prefix="[HLS 200-111]" key="HLS_111_966" tag="RUNTIME" content="Finished Generating all RTL models: CPU user time: 0.39 seconds. CPU system time: 0.02 seconds. Elapsed time: 0.41 seconds; current allocated memory: 316.715 MB." resolution=""/>
	<Message severity="INFO" prefix="[HLS 200-111]" key="HLS_111_966" tag="RUNTIME" content="Finished Updating report files: CPU user time: 0.15 seconds. CPU system time: 0.01 seconds. Elapsed time: 0.16 seconds; current allocated memory: 319.547 MB." resolution=""/>
	<Message severity="INFO" prefix="[VHDL 208-304]" key="VHDL_304_1066" tag="" content="Generating VHDL RTL for exp_P1_4pM." resolution=""/>
	<Message severity="INFO" prefix="[VLOG 209-307]" key="VLOG_307_1067" tag="" content="Generating Verilog RTL for exp_P1_4pM." resolution=""/>
	<Message severity="INFO" prefix="[HLS 200-789]" key="HLS 200-789" tag="THROUGHPUT,VITIS_KERNEL" content="**** Estimated Fmax: 137.04 MHz" resolution=""/>
	<Message severity="INFO" prefix="[HLS 200-111]" key="HLS_111_966" tag="RUNTIME" content="Finished Command csynth_design CPU user time: 6.01 seconds. CPU system time: 0.46 seconds. Elapsed time: 5.47 seconds; current allocated memory: -938.980 MB." resolution=""/>
</Messages>
