<?xml version="1.0" encoding="utf-8"?>
<BindInfo>
	<BindNode BINDTYPE="op" DISPLAY="bind_op fmul" ID="" IMPL="maxdsp" LATENCY="1" OPTYPE="fmul" PRAGMA="" RTLNAME="fmul_32ns_32ns_32_2_max_dsp_1_U2" SOURCE="exp_P1_4pM.c:7" VARIABLE="mul" MODULE="exp_P1_4pM" LOOP="" BUNDLEDNAME="" DSP="3" BRAM="0" URAM="0"/>
	<BindNode BINDTYPE="op" DISPLAY="bind_op fadd" ID="" IMPL="fulldsp" LATENCY="2" OPTYPE="fadd" PRAGMA="" RTLNAME="fadd_32ns_32ns_32_3_full_dsp_1_U1" SOURCE="exp_P1_4pM.c:7" VARIABLE="dc" MODULE="exp_P1_4pM" LOOP="" BUNDLEDNAME="" DSP="2" BRAM="0" URAM="0"/>
	<BindNode BINDTYPE="op" DISPLAY="bind_op add" ID="" IMPL="fabric" LATENCY="0" OPTYPE="add" PRAGMA="" RTLNAME="add_ln346_fu_180_p2" SOURCE="/wrk/ci/prod/2022.1/rdi_builds/continuous/2022_04_18_3526262/src/shared/hls/clib/src/hls/utils/x_hls_utils.h:346" VARIABLE="add_ln346" MODULE="exp_P1_4pM" LOOP="" BUNDLEDNAME="" DSP="0" BRAM="0" URAM="0"/>
	<BindNode BINDTYPE="op" DISPLAY="bind_op sub" ID="" IMPL="fabric" LATENCY="0" OPTYPE="sub" PRAGMA="" RTLNAME="sub_ln1512_fu_194_p2" SOURCE="/wrk/ci/prod/2022.1/rdi_builds/continuous/2022_04_18_3526262/src/shared/hls/clib/include/header_files/ap_fixed_base.h:1512" VARIABLE="sub_ln1512" MODULE="exp_P1_4pM" LOOP="" BUNDLEDNAME="" DSP="0" BRAM="0" URAM="0"/>
	<BindNode BINDTYPE="op" DISPLAY="bind_op select" ID="" IMPL="auto_sel" LATENCY="0" OPTYPE="select" PRAGMA="" RTLNAME="ush_fu_204_p3" SOURCE="/wrk/ci/prod/2022.1/rdi_builds/continuous/2022_04_18_3526262/src/shared/hls/clib/include/header_files/ap_fixed_base.h:1512" VARIABLE="ush" MODULE="exp_P1_4pM" LOOP="" BUNDLEDNAME="" DSP="0" BRAM="0" URAM="0"/>
	<BindNode BINDTYPE="op" DISPLAY="bind_op lshr" ID="" IMPL="auto_pipe" LATENCY="0" OPTYPE="lshr" PRAGMA="" RTLNAME="r_V_fu_220_p2" SOURCE="/wrk/ci/prod/2022.1/rdi_builds/continuous/2022_04_18_3526262/src/shared/hls/clib/include/header_files/ap_fixed_base.h:1488" VARIABLE="r_V" MODULE="exp_P1_4pM" LOOP="" BUNDLEDNAME="" DSP="0" BRAM="0" URAM="0"/>
	<BindNode BINDTYPE="op" DISPLAY="bind_op shl" ID="" IMPL="auto_pipe" LATENCY="0" OPTYPE="shl" PRAGMA="" RTLNAME="r_V_1_fu_226_p2" SOURCE="/wrk/ci/prod/2022.1/rdi_builds/continuous/2022_04_18_3526262/src/shared/hls/clib/include/header_files/ap_fixed_base.h:1454" VARIABLE="r_V_1" MODULE="exp_P1_4pM" LOOP="" BUNDLEDNAME="" DSP="0" BRAM="0" URAM="0"/>
	<BindNode BINDTYPE="op" DISPLAY="bind_op select" ID="" IMPL="auto_sel" LATENCY="0" OPTYPE="select" PRAGMA="" RTLNAME="val_fu_254_p3" SOURCE="/wrk/ci/prod/2022.1/rdi_builds/continuous/2022_04_18_3526262/src/shared/hls/clib/include/header_files/ap_fixed_base.h:1513" VARIABLE="val" MODULE="exp_P1_4pM" LOOP="" BUNDLEDNAME="" DSP="0" BRAM="0" URAM="0"/>
	<BindNode BINDTYPE="op" DISPLAY="bind_op sub" ID="" IMPL="fabric" LATENCY="0" OPTYPE="sub" PRAGMA="" RTLNAME="result_V_2_fu_262_p2" SOURCE="/wrk/ci/prod/2022.1/rdi_builds/continuous/2022_04_18_3526262/src/shared/hls/clib/include/header_files/ap_fixed_base.h:813" VARIABLE="result_V_2" MODULE="exp_P1_4pM" LOOP="" BUNDLEDNAME="" DSP="0" BRAM="0" URAM="0"/>
	<BindNode BINDTYPE="op" DISPLAY="bind_op select" ID="" IMPL="auto_sel" LATENCY="0" OPTYPE="select" PRAGMA="" RTLNAME="result_V_fu_267_p3" SOURCE="/wrk/ci/prod/2022.1/rdi_builds/continuous/2022_04_18_3526262/src/shared/hls/clib/hlsmath/include/FloatingPoint/hls_case_IEEE754.h:59" VARIABLE="result_V" MODULE="exp_P1_4pM" LOOP="" BUNDLEDNAME="" DSP="0" BRAM="0" URAM="0"/>
	<BindNode BINDTYPE="op" DISPLAY="bind_op sitofp" ID="" IMPL="auto" LATENCY="1" OPTYPE="sitofp" PRAGMA="" RTLNAME="sitofp_32ns_32_2_no_dsp_1_U3" SOURCE="exp_P1_4pM.c:11" VARIABLE="conv2" MODULE="exp_P1_4pM" LOOP="" BUNDLEDNAME="" DSP="0" BRAM="0" URAM="0"/>
	<BindNode BINDTYPE="op" DISPLAY="bind_op icmp" ID="" IMPL="auto" LATENCY="0" OPTYPE="icmp" PRAGMA="" RTLNAME="icmp_ln9_fu_302_p2" SOURCE="aesl_mux_load.4floatP0A.i2:9" VARIABLE="icmp_ln9" MODULE="exp_P1_4pM" LOOP="" BUNDLEDNAME="" DSP="0" BRAM="0" URAM="0"/>
	<BindNode BINDTYPE="op" DISPLAY="bind_op select" ID="" IMPL="auto_sel" LATENCY="0" OPTYPE="select" PRAGMA="" RTLNAME="select_ln9_fu_307_p3" SOURCE="aesl_mux_load.4floatP0A.i2:9" VARIABLE="select_ln9" MODULE="exp_P1_4pM" LOOP="" BUNDLEDNAME="" DSP="0" BRAM="0" URAM="0"/>
	<BindNode BINDTYPE="op" DISPLAY="bind_op icmp" ID="" IMPL="auto" LATENCY="0" OPTYPE="icmp" PRAGMA="" RTLNAME="icmp_ln9_1_fu_315_p2" SOURCE="aesl_mux_load.4floatP0A.i2:9" VARIABLE="icmp_ln9_1" MODULE="exp_P1_4pM" LOOP="" BUNDLEDNAME="" DSP="0" BRAM="0" URAM="0"/>
	<BindNode BINDTYPE="op" DISPLAY="bind_op icmp" ID="" IMPL="auto" LATENCY="0" OPTYPE="icmp" PRAGMA="" RTLNAME="icmp_ln9_2_fu_320_p2" SOURCE="aesl_mux_load.4floatP0A.i2:9" VARIABLE="icmp_ln9_2" MODULE="exp_P1_4pM" LOOP="" BUNDLEDNAME="" DSP="0" BRAM="0" URAM="0"/>
	<BindNode BINDTYPE="op" DISPLAY="bind_op select" ID="" IMPL="auto_sel" LATENCY="0" OPTYPE="select" PRAGMA="" RTLNAME="select_ln9_1_i_fu_325_p3" SOURCE="aesl_mux_load.4floatP0A.i2:9" VARIABLE="select_ln9_1_i" MODULE="exp_P1_4pM" LOOP="" BUNDLEDNAME="" DSP="0" BRAM="0" URAM="0"/>
	<BindNode BINDTYPE="op" DISPLAY="bind_op or" ID="" IMPL="auto" LATENCY="0" OPTYPE="or" PRAGMA="" RTLNAME="empty_fu_333_p2" SOURCE="aesl_mux_load.4floatP0A.i2:9" VARIABLE="empty" MODULE="exp_P1_4pM" LOOP="" BUNDLEDNAME="" DSP="0" BRAM="0" URAM="0"/>
	<BindNode BINDTYPE="op" DISPLAY="bind_op select" ID="" IMPL="auto_sel" LATENCY="0" OPTYPE="select" PRAGMA="" RTLNAME="merge_i_fu_339_p3" SOURCE="aesl_mux_load.4floatP0A.i2:9" VARIABLE="merge_i" MODULE="exp_P1_4pM" LOOP="" BUNDLEDNAME="" DSP="0" BRAM="0" URAM="0"/>
	<BindNode BINDTYPE="op" DISPLAY="bind_op fmul" ID="" IMPL="maxdsp" LATENCY="1" OPTYPE="fmul" PRAGMA="" RTLNAME="fmul_32ns_32ns_32_2_max_dsp_1_U2" SOURCE="exp_P1_4pM.c:11" VARIABLE="mul3" MODULE="exp_P1_4pM" LOOP="" BUNDLEDNAME="" DSP="3" BRAM="0" URAM="0"/>
	<BindNode BINDTYPE="op" DISPLAY="bind_op mux" ID="" IMPL="auto" LATENCY="0" OPTYPE="mux" PRAGMA="" RTLNAME="mux_42_32_1_1_U4" SOURCE="exp_P1_4pM.c:11" VARIABLE="merge_i1" MODULE="exp_P1_4pM" LOOP="" BUNDLEDNAME="" DSP="0" BRAM="0" URAM="0"/>
	<BindNode BINDTYPE="op" DISPLAY="bind_op sitofp" ID="" IMPL="auto" LATENCY="1" OPTYPE="sitofp" PRAGMA="" RTLNAME="sitofp_32ns_32_2_no_dsp_1_U3" SOURCE="exp_P1_4pM.c:11" VARIABLE="conv6" MODULE="exp_P1_4pM" LOOP="" BUNDLEDNAME="" DSP="0" BRAM="0" URAM="0"/>
	<BindNode BINDTYPE="op" DISPLAY="bind_op fadd" ID="" IMPL="fulldsp" LATENCY="2" OPTYPE="fadd" PRAGMA="" RTLNAME="fadd_32ns_32ns_32_3_full_dsp_1_U1" SOURCE="exp_P1_4pM.c:11" VARIABLE="dc_1" MODULE="exp_P1_4pM" LOOP="" BUNDLEDNAME="" DSP="2" BRAM="0" URAM="0"/>
	<BindNode BINDTYPE="op" DISPLAY="bind_op add" ID="" IMPL="fabric" LATENCY="0" OPTYPE="add" PRAGMA="" RTLNAME="add_ln346_1_fu_413_p2" SOURCE="/wrk/ci/prod/2022.1/rdi_builds/continuous/2022_04_18_3526262/src/shared/hls/clib/src/hls/utils/x_hls_utils.h:346" VARIABLE="add_ln346_1" MODULE="exp_P1_4pM" LOOP="" BUNDLEDNAME="" DSP="0" BRAM="0" URAM="0"/>
	<BindNode BINDTYPE="op" DISPLAY="bind_op sub" ID="" IMPL="fabric" LATENCY="0" OPTYPE="sub" PRAGMA="" RTLNAME="sub_ln1512_1_fu_427_p2" SOURCE="/wrk/ci/prod/2022.1/rdi_builds/continuous/2022_04_18_3526262/src/shared/hls/clib/include/header_files/ap_fixed_base.h:1512" VARIABLE="sub_ln1512_1" MODULE="exp_P1_4pM" LOOP="" BUNDLEDNAME="" DSP="0" BRAM="0" URAM="0"/>
	<BindNode BINDTYPE="op" DISPLAY="bind_op select" ID="" IMPL="auto_sel" LATENCY="0" OPTYPE="select" PRAGMA="" RTLNAME="ush_1_fu_437_p3" SOURCE="/wrk/ci/prod/2022.1/rdi_builds/continuous/2022_04_18_3526262/src/shared/hls/clib/include/header_files/ap_fixed_base.h:1512" VARIABLE="ush_1" MODULE="exp_P1_4pM" LOOP="" BUNDLEDNAME="" DSP="0" BRAM="0" URAM="0"/>
	<BindNode BINDTYPE="op" DISPLAY="bind_op lshr" ID="" IMPL="auto_pipe" LATENCY="0" OPTYPE="lshr" PRAGMA="" RTLNAME="r_V_2_fu_453_p2" SOURCE="/wrk/ci/prod/2022.1/rdi_builds/continuous/2022_04_18_3526262/src/shared/hls/clib/include/header_files/ap_fixed_base.h:1488" VARIABLE="r_V_2" MODULE="exp_P1_4pM" LOOP="" BUNDLEDNAME="" DSP="0" BRAM="0" URAM="0"/>
	<BindNode BINDTYPE="op" DISPLAY="bind_op shl" ID="" IMPL="auto_pipe" LATENCY="0" OPTYPE="shl" PRAGMA="" RTLNAME="r_V_3_fu_459_p2" SOURCE="/wrk/ci/prod/2022.1/rdi_builds/continuous/2022_04_18_3526262/src/shared/hls/clib/include/header_files/ap_fixed_base.h:1454" VARIABLE="r_V_3" MODULE="exp_P1_4pM" LOOP="" BUNDLEDNAME="" DSP="0" BRAM="0" URAM="0"/>
	<BindNode BINDTYPE="op" DISPLAY="bind_op select" ID="" IMPL="auto_sel" LATENCY="0" OPTYPE="select" PRAGMA="" RTLNAME="val_1_fu_487_p3" SOURCE="/wrk/ci/prod/2022.1/rdi_builds/continuous/2022_04_18_3526262/src/shared/hls/clib/include/header_files/ap_fixed_base.h:1513" VARIABLE="val_1" MODULE="exp_P1_4pM" LOOP="" BUNDLEDNAME="" DSP="0" BRAM="0" URAM="0"/>
	<BindNode BINDTYPE="op" DISPLAY="bind_op sub" ID="" IMPL="fabric" LATENCY="0" OPTYPE="sub" PRAGMA="" RTLNAME="result_V_6_fu_495_p2" SOURCE="/wrk/ci/prod/2022.1/rdi_builds/continuous/2022_04_18_3526262/src/shared/hls/clib/include/header_files/ap_fixed_base.h:813" VARIABLE="result_V_6" MODULE="exp_P1_4pM" LOOP="" BUNDLEDNAME="" DSP="0" BRAM="0" URAM="0"/>
	<BindNode BINDTYPE="op" DISPLAY="bind_op select" ID="" IMPL="auto_sel" LATENCY="0" OPTYPE="select" PRAGMA="" RTLNAME="result_V_7_fu_501_p3" SOURCE="/wrk/ci/prod/2022.1/rdi_builds/continuous/2022_04_18_3526262/src/shared/hls/clib/hlsmath/include/FloatingPoint/hls_case_IEEE754.h:59" VARIABLE="result_V_7" MODULE="exp_P1_4pM" LOOP="" BUNDLEDNAME="" DSP="0" BRAM="0" URAM="0"/>
	<BindNode BINDTYPE="op" DISPLAY="bind_op or" ID="" IMPL="auto" LATENCY="0" OPTYPE="or" PRAGMA="" RTLNAME="or_ln12_fu_513_p2" SOURCE="exp_P1_4pM.c:12" VARIABLE="or_ln12" MODULE="exp_P1_4pM" LOOP="" BUNDLEDNAME="" DSP="0" BRAM="0" URAM="0"/>
	<BindNode BINDTYPE="op" DISPLAY="bind_op fmul" ID="" IMPL="maxdsp" LATENCY="1" OPTYPE="fmul" PRAGMA="" RTLNAME="fmul_32ns_32ns_32_2_max_dsp_1_U2" SOURCE="exp_P1_4pM.c:14" VARIABLE="y_1" MODULE="exp_P1_4pM" LOOP="" BUNDLEDNAME="" DSP="3" BRAM="0" URAM="0"/>
</BindInfo>
