<stg><name>exp_P1_4pM</name>


<trans_list>

<trans id="101" from="1" to="2">
<condition id="-1">
<or_exp><and_exp></and_exp></or_exp>
</condition>
</trans>

<trans id="102" from="2" to="3">
<condition id="-1">
<or_exp><and_exp></and_exp></or_exp>
</condition>
</trans>

<trans id="103" from="3" to="4">
<condition id="-1">
<or_exp><and_exp></and_exp></or_exp>
</condition>
</trans>

<trans id="104" from="4" to="5">
<condition id="-1">
<or_exp><and_exp></and_exp></or_exp>
</condition>
</trans>

<trans id="105" from="5" to="6">
<condition id="-1">
<or_exp><and_exp></and_exp></or_exp>
</condition>
</trans>

<trans id="106" from="6" to="7">
<condition id="-1">
<or_exp><and_exp></and_exp></or_exp>
</condition>
</trans>

<trans id="107" from="7" to="8">
<condition id="-1">
<or_exp><and_exp></and_exp></or_exp>
</condition>
</trans>

<trans id="108" from="8" to="9">
<condition id="-1">
<or_exp><and_exp></and_exp></or_exp>
</condition>
</trans>

<trans id="109" from="9" to="10">
<condition id="-1">
<or_exp><and_exp></and_exp></or_exp>
</condition>
</trans>

<trans id="110" from="10" to="11">
<condition id="-1">
<or_exp><and_exp></and_exp></or_exp>
</condition>
</trans>

<trans id="111" from="11" to="12">
<condition id="-1">
<or_exp><and_exp></and_exp></or_exp>
</condition>
</trans>

<trans id="112" from="12" to="13">
<condition id="-1">
<or_exp><and_exp></and_exp></or_exp>
</condition>
</trans>

<trans id="113" from="13" to="14">
<condition id="-1">
<or_exp><and_exp></and_exp></or_exp>
</condition>
</trans>

<trans id="114" from="14" to="15">
<condition id="-1">
<or_exp><and_exp></and_exp></or_exp>
</condition>
</trans>

<trans id="115" from="15" to="16">
<condition id="-1">
<or_exp><and_exp></and_exp></or_exp>
</condition>
</trans>
</trans_list>



<state_list>

<state id="1" st_id="1">

<operation id="17" st_id="1" stage="1" lat="1">
<core>NULL</core>
<MemPortIdVec></MemPortIdVec>
<condition id="-1">
<or_exp><and_exp></and_exp></or_exp>
</condition>

<Node id="6" bw="32" op_0_bw="32" op_1_bw="32">
<![CDATA[
entry:4 %x_read = read i32 @_ssdm_op_Read.ap_auto.float, i32 %x

]]></Node>
<StgValue><ssdm name="x_read"/></StgValue>
</operation>

<operation id="18" st_id="1" stage="2" lat="2">
<core>FMul_maxdsp</core>
<MemPortIdVec></MemPortIdVec>
<condition id="-1">
<or_exp><and_exp></and_exp></or_exp>
</condition>

<Node id="7" bw="32" op_0_bw="32" op_1_bw="32">
<![CDATA[
entry:5 %mul = fmul i32 %x_read, i32 1.21022e+07

]]></Node>
<StgValue><ssdm name="mul"/></StgValue>
</operation>
</state>

<state id="2" st_id="2">

<operation id="19" st_id="2" stage="1" lat="2">
<core>FMul_maxdsp</core>
<MemPortIdVec></MemPortIdVec>
<condition id="-1">
<or_exp><and_exp></and_exp></or_exp>
</condition>

<Node id="7" bw="32" op_0_bw="32" op_1_bw="32">
<![CDATA[
entry:5 %mul = fmul i32 %x_read, i32 1.21022e+07

]]></Node>
<StgValue><ssdm name="mul"/></StgValue>
</operation>
</state>

<state id="3" st_id="3">

<operation id="20" st_id="3" stage="3" lat="3">
<core>FAddSub_fulldsp</core>
<MemPortIdVec></MemPortIdVec>
<condition id="-1">
<or_exp><and_exp></and_exp></or_exp>
</condition>

<Node id="8" bw="32" op_0_bw="32" op_1_bw="32">
<![CDATA[
entry:6 %dc = fadd i32 %mul, i32 1.06535e+09

]]></Node>
<StgValue><ssdm name="dc"/></StgValue>
</operation>
</state>

<state id="4" st_id="4">

<operation id="21" st_id="4" stage="2" lat="3">
<core>FAddSub_fulldsp</core>
<MemPortIdVec></MemPortIdVec>
<condition id="-1">
<or_exp><and_exp></and_exp></or_exp>
</condition>

<Node id="8" bw="32" op_0_bw="32" op_1_bw="32">
<![CDATA[
entry:6 %dc = fadd i32 %mul, i32 1.06535e+09

]]></Node>
<StgValue><ssdm name="dc"/></StgValue>
</operation>
</state>

<state id="5" st_id="5">

<operation id="22" st_id="5" stage="1" lat="3">
<core>FAddSub_fulldsp</core>
<MemPortIdVec></MemPortIdVec>
<condition id="-1">
<or_exp><and_exp></and_exp></or_exp>
</condition>

<Node id="8" bw="32" op_0_bw="32" op_1_bw="32">
<![CDATA[
entry:6 %dc = fadd i32 %mul, i32 1.06535e+09

]]></Node>
<StgValue><ssdm name="dc"/></StgValue>
</operation>
</state>

<state id="6" st_id="6">

<operation id="23" st_id="6" stage="1" lat="1">
<core>NULL</core>
<MemPortIdVec></MemPortIdVec>
<condition id="-1">
<or_exp><and_exp></and_exp></or_exp>
</condition>

<Node id="9" bw="32" op_0_bw="32">
<![CDATA[
entry:7 %data_V = bitcast i32 %dc

]]></Node>
<StgValue><ssdm name="data_V"/></StgValue>
</operation>

<operation id="24" st_id="6" stage="1" lat="1">
<core>NULL</core>
<MemPortIdVec></MemPortIdVec>
<condition id="-1">
<or_exp><and_exp></and_exp></or_exp>
</condition>

<Node id="10" bw="1" op_0_bw="1" op_1_bw="32" op_2_bw="32">
<![CDATA[
entry:8 %p_Result_s = bitselect i1 @_ssdm_op_BitSelect.i1.i32.i32, i32 %data_V, i32 31

]]></Node>
<StgValue><ssdm name="p_Result_s"/></StgValue>
</operation>

<operation id="25" st_id="6" stage="1" lat="1">
<core>NULL</core>
<MemPortIdVec></MemPortIdVec>
<condition id="-1">
<or_exp><and_exp></and_exp></or_exp>
</condition>

<Node id="11" bw="8" op_0_bw="8" op_1_bw="32" op_2_bw="32" op_3_bw="32">
<![CDATA[
entry:9 %xs_exp_V = partselect i8 @_ssdm_op_PartSelect.i8.i32.i32.i32, i32 %data_V, i32 23, i32 30

]]></Node>
<StgValue><ssdm name="xs_exp_V"/></StgValue>
</operation>

<operation id="26" st_id="6" stage="1" lat="1">
<core>NULL</core>
<MemPortIdVec></MemPortIdVec>
<condition id="-1">
<or_exp><and_exp></and_exp></or_exp>
</condition>

<Node id="12" bw="23" op_0_bw="32">
<![CDATA[
entry:10 %p_Result_1 = trunc i32 %data_V

]]></Node>
<StgValue><ssdm name="p_Result_1"/></StgValue>
</operation>

<operation id="27" st_id="6" stage="1" lat="1">
<core>NULL</core>
<MemPortIdVec></MemPortIdVec>
<condition id="-1">
<or_exp><and_exp></and_exp></or_exp>
</condition>

<Node id="13" bw="25" op_0_bw="25" op_1_bw="1" op_2_bw="23" op_3_bw="1">
<![CDATA[
entry:11 %mantissa = bitconcatenate i25 @_ssdm_op_BitConcatenate.i25.i1.i23.i1, i1 1, i23 %p_Result_1, i1 0

]]></Node>
<StgValue><ssdm name="mantissa"/></StgValue>
</operation>

<operation id="28" st_id="6" stage="1" lat="1">
<core>NULL</core>
<MemPortIdVec></MemPortIdVec>
<condition id="-1">
<or_exp><and_exp></and_exp></or_exp>
</condition>

<Node id="14" bw="79" op_0_bw="25">
<![CDATA[
entry:12 %zext_ln15 = zext i25 %mantissa

]]></Node>
<StgValue><ssdm name="zext_ln15"/></StgValue>
</operation>

<operation id="29" st_id="6" stage="1" lat="1">
<core>NULL</core>
<MemPortIdVec></MemPortIdVec>
<condition id="-1">
<or_exp><and_exp></and_exp></or_exp>
</condition>

<Node id="15" bw="9" op_0_bw="8">
<![CDATA[
entry:13 %zext_ln346 = zext i8 %xs_exp_V

]]></Node>
<StgValue><ssdm name="zext_ln346"/></StgValue>
</operation>

<operation id="30" st_id="6" stage="1" lat="1">
<core>Adder</core>
<MemPortIdVec></MemPortIdVec>
<condition id="-1">
<or_exp><and_exp></and_exp></or_exp>
</condition>

<Node id="16" bw="9" op_0_bw="9" op_1_bw="9">
<![CDATA[
entry:14 %add_ln346 = add i9 %zext_ln346, i9 385

]]></Node>
<StgValue><ssdm name="add_ln346"/></StgValue>
</operation>

<operation id="31" st_id="6" stage="1" lat="1">
<core>NULL</core>
<MemPortIdVec></MemPortIdVec>
<condition id="-1">
<or_exp><and_exp></and_exp></or_exp>
</condition>

<Node id="17" bw="1" op_0_bw="1" op_1_bw="9" op_2_bw="32">
<![CDATA[
entry:15 %isNeg = bitselect i1 @_ssdm_op_BitSelect.i1.i9.i32, i9 %add_ln346, i32 8

]]></Node>
<StgValue><ssdm name="isNeg"/></StgValue>
</operation>

<operation id="32" st_id="6" stage="1" lat="1">
<core>Adder</core>
<MemPortIdVec></MemPortIdVec>
<condition id="-1">
<or_exp><and_exp></and_exp></or_exp>
</condition>

<Node id="18" bw="8" op_0_bw="8" op_1_bw="8">
<![CDATA[
entry:16 %sub_ln1512 = sub i8 127, i8 %xs_exp_V

]]></Node>
<StgValue><ssdm name="sub_ln1512"/></StgValue>
</operation>

<operation id="33" st_id="6" stage="1" lat="1">
<core>NULL</core>
<MemPortIdVec></MemPortIdVec>
<condition id="-1">
<or_exp><and_exp></and_exp></or_exp>
</condition>

<Node id="19" bw="9" op_0_bw="8">
<![CDATA[
entry:17 %sext_ln1512 = sext i8 %sub_ln1512

]]></Node>
<StgValue><ssdm name="sext_ln1512"/></StgValue>
</operation>

<operation id="34" st_id="6" stage="1" lat="1">
<core>Sel</core>
<MemPortIdVec></MemPortIdVec>
<condition id="-1">
<or_exp><and_exp></and_exp></or_exp>
</condition>

<Node id="20" bw="9" op_0_bw="1" op_1_bw="9" op_2_bw="9">
<![CDATA[
entry:18 %ush = select i1 %isNeg, i9 %sext_ln1512, i9 %add_ln346

]]></Node>
<StgValue><ssdm name="ush"/></StgValue>
</operation>

<operation id="35" st_id="6" stage="1" lat="1">
<core>NULL</core>
<MemPortIdVec></MemPortIdVec>
<condition id="-1">
<or_exp><and_exp></and_exp></or_exp>
</condition>

<Node id="21" bw="32" op_0_bw="9">
<![CDATA[
entry:19 %sext_ln1488 = sext i9 %ush

]]></Node>
<StgValue><ssdm name="sext_ln1488"/></StgValue>
</operation>

<operation id="36" st_id="6" stage="1" lat="1">
<core>NULL</core>
<MemPortIdVec></MemPortIdVec>
<condition id="-1">
<or_exp><and_exp></and_exp></or_exp>
</condition>

<Node id="22" bw="79" op_0_bw="32">
<![CDATA[
entry:20 %zext_ln1488 = zext i32 %sext_ln1488

]]></Node>
<StgValue><ssdm name="zext_ln1488"/></StgValue>
</operation>

<operation id="37" st_id="6" stage="1" lat="1">
<core>Shifter</core>
<MemPortIdVec></MemPortIdVec>
<condition id="-1">
<or_exp><and_exp></and_exp></or_exp>
</condition>

<Node id="23" bw="79" op_0_bw="79" op_1_bw="79">
<![CDATA[
entry:21 %r_V = lshr i79 %zext_ln15, i79 %zext_ln1488

]]></Node>
<StgValue><ssdm name="r_V"/></StgValue>
</operation>

<operation id="38" st_id="6" stage="1" lat="1">
<core>Shifter</core>
<MemPortIdVec></MemPortIdVec>
<condition id="-1">
<or_exp><and_exp></and_exp></or_exp>
</condition>

<Node id="24" bw="79" op_0_bw="79" op_1_bw="79">
<![CDATA[
entry:22 %r_V_1 = shl i79 %zext_ln15, i79 %zext_ln1488

]]></Node>
<StgValue><ssdm name="r_V_1"/></StgValue>
</operation>

<operation id="39" st_id="6" stage="1" lat="1">
<core>NULL</core>
<MemPortIdVec></MemPortIdVec>
<condition id="-1">
<or_exp><and_exp></and_exp></or_exp>
</condition>

<Node id="25" bw="1" op_0_bw="1" op_1_bw="79" op_2_bw="32">
<![CDATA[
entry:23 %tmp = bitselect i1 @_ssdm_op_BitSelect.i1.i79.i32, i79 %r_V, i32 24

]]></Node>
<StgValue><ssdm name="tmp"/></StgValue>
</operation>

<operation id="40" st_id="6" stage="1" lat="1">
<core>NULL</core>
<MemPortIdVec></MemPortIdVec>
<condition id="-1">
<or_exp><and_exp></and_exp></or_exp>
</condition>

<Node id="26" bw="31" op_0_bw="1">
<![CDATA[
entry:24 %zext_ln818 = zext i1 %tmp

]]></Node>
<StgValue><ssdm name="zext_ln818"/></StgValue>
</operation>

<operation id="41" st_id="6" stage="1" lat="1">
<core>NULL</core>
<MemPortIdVec></MemPortIdVec>
<condition id="-1">
<or_exp><and_exp></and_exp></or_exp>
</condition>

<Node id="27" bw="31" op_0_bw="31" op_1_bw="79" op_2_bw="32" op_3_bw="32">
<![CDATA[
entry:25 %tmp_3 = partselect i31 @_ssdm_op_PartSelect.i31.i79.i32.i32, i79 %r_V_1, i32 24, i32 54

]]></Node>
<StgValue><ssdm name="tmp_3"/></StgValue>
</operation>

<operation id="42" st_id="6" stage="1" lat="1">
<core>Sel</core>
<MemPortIdVec></MemPortIdVec>
<condition id="-1">
<or_exp><and_exp></and_exp></or_exp>
</condition>

<Node id="28" bw="31" op_0_bw="1" op_1_bw="31" op_2_bw="31">
<![CDATA[
entry:26 %val = select i1 %isNeg, i31 %zext_ln818, i31 %tmp_3

]]></Node>
<StgValue><ssdm name="val"/></StgValue>
</operation>
</state>

<state id="7" st_id="7">

<operation id="43" st_id="7" stage="1" lat="1">
<core>Adder</core>
<MemPortIdVec></MemPortIdVec>
<condition id="-1">
<or_exp><and_exp><literal name="p_Result_s" val="1"/>
</and_exp></or_exp>
</condition>

<Node id="29" bw="31" op_0_bw="31" op_1_bw="31">
<![CDATA[
entry:27 %result_V_2 = sub i31 0, i31 %val

]]></Node>
<StgValue><ssdm name="result_V_2"/></StgValue>
</operation>

<operation id="44" st_id="7" stage="1" lat="1">
<core>Sel</core>
<MemPortIdVec></MemPortIdVec>
<condition id="-1">
<or_exp><and_exp></and_exp></or_exp>
</condition>

<Node id="30" bw="31" op_0_bw="1" op_1_bw="31" op_2_bw="31">
<![CDATA[
entry:28 %result_V = select i1 %p_Result_s, i31 %result_V_2, i31 %val

]]></Node>
<StgValue><ssdm name="result_V"/></StgValue>
</operation>

<operation id="45" st_id="7" stage="1" lat="1">
<core>NULL</core>
<MemPortIdVec></MemPortIdVec>
<condition id="-1">
<or_exp><and_exp></and_exp></or_exp>
</condition>

<Node id="31" bw="23" op_0_bw="31">
<![CDATA[
entry:29 %zif = trunc i31 %result_V

]]></Node>
<StgValue><ssdm name="zif"/></StgValue>
</operation>

<operation id="46" st_id="7" stage="1" lat="1">
<core>NULL</core>
<MemPortIdVec></MemPortIdVec>
<condition id="-1">
<or_exp><and_exp></and_exp></or_exp>
</condition>

<Node id="32" bw="8" op_0_bw="8" op_1_bw="31" op_2_bw="32" op_3_bw="32">
<![CDATA[
entry:30 %tmp_4 = partselect i8 @_ssdm_op_PartSelect.i8.i31.i32.i32, i31 %result_V, i32 23, i32 30

]]></Node>
<StgValue><ssdm name="tmp_4"/></StgValue>
</operation>

<operation id="47" st_id="7" stage="1" lat="1">
<core>NULL</core>
<MemPortIdVec></MemPortIdVec>
<condition id="-1">
<or_exp><and_exp></and_exp></or_exp>
</condition>

<Node id="34" bw="32" op_0_bw="23">
<![CDATA[
entry:32 %zext_ln9 = zext i23 %zif

]]></Node>
<StgValue><ssdm name="zext_ln9"/></StgValue>
</operation>

<operation id="48" st_id="7" stage="2" lat="2">
<core>Int2Float</core>
<MemPortIdVec></MemPortIdVec>
<condition id="-1">
<or_exp><and_exp></and_exp></or_exp>
</condition>

<Node id="35" bw="32" op_0_bw="32">
<![CDATA[
entry:33 %conv2 = sitofp i32 %zext_ln9

]]></Node>
<StgValue><ssdm name="conv2"/></StgValue>
</operation>

<operation id="49" st_id="7" stage="1" lat="1">
<core>NULL</core>
<MemPortIdVec></MemPortIdVec>
<condition id="-1">
<or_exp><and_exp></and_exp></or_exp>
</condition>

<Node id="36" bw="2" op_0_bw="2" op_1_bw="31" op_2_bw="32" op_3_bw="32">
<![CDATA[
entry:34 %trunc_ln = partselect i2 @_ssdm_op_PartSelect.i2.i31.i32.i32, i31 %result_V, i32 21, i32 22

]]></Node>
<StgValue><ssdm name="trunc_ln"/></StgValue>
</operation>
</state>

<state id="8" st_id="8">

<operation id="50" st_id="8" stage="1" lat="2">
<core>Int2Float</core>
<MemPortIdVec></MemPortIdVec>
<condition id="-1">
<or_exp><and_exp></and_exp></or_exp>
</condition>

<Node id="35" bw="32" op_0_bw="32">
<![CDATA[
entry:33 %conv2 = sitofp i32 %zext_ln9

]]></Node>
<StgValue><ssdm name="conv2"/></StgValue>
</operation>
</state>

<state id="9" st_id="9">

<operation id="51" st_id="9" stage="1" lat="1">
<core>Cmp</core>
<MemPortIdVec></MemPortIdVec>
<condition id="-1">
<or_exp><and_exp></and_exp></or_exp>
</condition>

<Node id="37" bw="1" op_0_bw="2" op_1_bw="2">
<![CDATA[
entry:35 %icmp_ln9 = icmp_eq  i2 %trunc_ln, i2 0

]]></Node>
<StgValue><ssdm name="icmp_ln9"/></StgValue>
</operation>

<operation id="52" st_id="9" stage="1" lat="1">
<core>Sel</core>
<MemPortIdVec></MemPortIdVec>
<condition id="-1">
<or_exp><and_exp></and_exp></or_exp>
</condition>

<Node id="38" bw="32" op_0_bw="1" op_1_bw="32" op_2_bw="32">
<![CDATA[
entry:36 %select_ln9 = select i1 %icmp_ln9, i32 0.756828, i32 1.27283

]]></Node>
<StgValue><ssdm name="select_ln9"/></StgValue>
</operation>

<operation id="53" st_id="9" stage="1" lat="1">
<core>Cmp</core>
<MemPortIdVec></MemPortIdVec>
<condition id="-1">
<or_exp><and_exp></and_exp></or_exp>
</condition>

<Node id="39" bw="1" op_0_bw="2" op_1_bw="2">
<![CDATA[
entry:37 %icmp_ln9_1 = icmp_eq  i2 %trunc_ln, i2 1

]]></Node>
<StgValue><ssdm name="icmp_ln9_1"/></StgValue>
</operation>

<operation id="54" st_id="9" stage="1" lat="1">
<core>Cmp</core>
<MemPortIdVec></MemPortIdVec>
<condition id="-1">
<or_exp><and_exp></and_exp></or_exp>
</condition>

<Node id="40" bw="1" op_0_bw="2" op_1_bw="2">
<![CDATA[
entry:38 %icmp_ln9_2 = icmp_eq  i2 %trunc_ln, i2 2

]]></Node>
<StgValue><ssdm name="icmp_ln9_2"/></StgValue>
</operation>

<operation id="55" st_id="9" stage="1" lat="1">
<core>Sel</core>
<MemPortIdVec></MemPortIdVec>
<condition id="-1">
<or_exp><and_exp></and_exp></or_exp>
</condition>

<Node id="41" bw="32" op_0_bw="1" op_1_bw="32" op_2_bw="32">
<![CDATA[
entry:39 %select_ln9_1_i = select i1 %icmp_ln9_2, i32 1.07032, i32 0.900026

]]></Node>
<StgValue><ssdm name="select_ln9_1_i"/></StgValue>
</operation>

<operation id="56" st_id="9" stage="1" lat="1">
<core>LogicGate</core>
<MemPortIdVec></MemPortIdVec>
<condition id="-1">
<or_exp><and_exp></and_exp></or_exp>
</condition>

<Node id="42" bw="1" op_0_bw="1" op_1_bw="1">
<![CDATA[
entry:40 %empty = or i1 %icmp_ln9_2, i1 %icmp_ln9_1

]]></Node>
<StgValue><ssdm name="empty"/></StgValue>
</operation>

<operation id="57" st_id="9" stage="1" lat="1">
<core>Sel</core>
<MemPortIdVec></MemPortIdVec>
<condition id="-1">
<or_exp><and_exp></and_exp></or_exp>
</condition>

<Node id="43" bw="32" op_0_bw="1" op_1_bw="32" op_2_bw="32">
<![CDATA[
entry:41 %merge_i = select i1 %empty, i32 %select_ln9_1_i, i32 %select_ln9

]]></Node>
<StgValue><ssdm name="merge_i"/></StgValue>
</operation>

<operation id="58" st_id="9" stage="2" lat="2">
<core>FMul_maxdsp</core>
<MemPortIdVec></MemPortIdVec>
<condition id="-1">
<or_exp><and_exp></and_exp></or_exp>
</condition>

<Node id="44" bw="32" op_0_bw="32" op_1_bw="32">
<![CDATA[
entry:42 %mul3 = fmul i32 %conv2, i32 %merge_i

]]></Node>
<StgValue><ssdm name="mul3"/></StgValue>
</operation>

<operation id="59" st_id="9" stage="1" lat="1">
<core>Multiplexer</core>
<MemPortIdVec></MemPortIdVec>
<condition id="-1">
<or_exp><and_exp></and_exp></or_exp>
</condition>

<Node id="45" bw="32" op_0_bw="32" op_1_bw="32" op_2_bw="32" op_3_bw="32" op_4_bw="32" op_5_bw="2">
<![CDATA[
entry:43 %merge_i1 = mux i32 @_ssdm_op_Mux.ap_auto.4i32.i2, i32 0, i32 4294666989, i32 4293952736, i32 4293952736, i2 %trunc_ln

]]></Node>
<StgValue><ssdm name="merge_i1"/></StgValue>
</operation>

<operation id="60" st_id="9" stage="2" lat="2">
<core>Int2Float</core>
<MemPortIdVec></MemPortIdVec>
<condition id="-1">
<or_exp><and_exp></and_exp></or_exp>
</condition>

<Node id="46" bw="32" op_0_bw="32">
<![CDATA[
entry:44 %conv6 = sitofp i32 %merge_i1

]]></Node>
<StgValue><ssdm name="conv6"/></StgValue>
</operation>
</state>

<state id="10" st_id="10">

<operation id="61" st_id="10" stage="1" lat="2">
<core>FMul_maxdsp</core>
<MemPortIdVec></MemPortIdVec>
<condition id="-1">
<or_exp><and_exp></and_exp></or_exp>
</condition>

<Node id="44" bw="32" op_0_bw="32" op_1_bw="32">
<![CDATA[
entry:42 %mul3 = fmul i32 %conv2, i32 %merge_i

]]></Node>
<StgValue><ssdm name="mul3"/></StgValue>
</operation>

<operation id="62" st_id="10" stage="1" lat="2">
<core>Int2Float</core>
<MemPortIdVec></MemPortIdVec>
<condition id="-1">
<or_exp><and_exp></and_exp></or_exp>
</condition>

<Node id="46" bw="32" op_0_bw="32">
<![CDATA[
entry:44 %conv6 = sitofp i32 %merge_i1

]]></Node>
<StgValue><ssdm name="conv6"/></StgValue>
</operation>
</state>

<state id="11" st_id="11">

<operation id="63" st_id="11" stage="3" lat="3">
<core>FAddSub_fulldsp</core>
<MemPortIdVec></MemPortIdVec>
<condition id="-1">
<or_exp><and_exp></and_exp></or_exp>
</condition>

<Node id="47" bw="32" op_0_bw="32" op_1_bw="32">
<![CDATA[
entry:45 %dc_1 = fadd i32 %mul3, i32 %conv6

]]></Node>
<StgValue><ssdm name="dc_1"/></StgValue>
</operation>
</state>

<state id="12" st_id="12">

<operation id="64" st_id="12" stage="2" lat="3">
<core>FAddSub_fulldsp</core>
<MemPortIdVec></MemPortIdVec>
<condition id="-1">
<or_exp><and_exp></and_exp></or_exp>
</condition>

<Node id="47" bw="32" op_0_bw="32" op_1_bw="32">
<![CDATA[
entry:45 %dc_1 = fadd i32 %mul3, i32 %conv6

]]></Node>
<StgValue><ssdm name="dc_1"/></StgValue>
</operation>
</state>

<state id="13" st_id="13">

<operation id="65" st_id="13" stage="1" lat="3">
<core>FAddSub_fulldsp</core>
<MemPortIdVec></MemPortIdVec>
<condition id="-1">
<or_exp><and_exp></and_exp></or_exp>
</condition>

<Node id="47" bw="32" op_0_bw="32" op_1_bw="32">
<![CDATA[
entry:45 %dc_1 = fadd i32 %mul3, i32 %conv6

]]></Node>
<StgValue><ssdm name="dc_1"/></StgValue>
</operation>
</state>

<state id="14" st_id="14">

<operation id="66" st_id="14" stage="1" lat="1">
<core>NULL</core>
<MemPortIdVec></MemPortIdVec>
<condition id="-1">
<or_exp><and_exp></and_exp></or_exp>
</condition>

<Node id="33" bw="31" op_0_bw="31" op_1_bw="8" op_2_bw="23">
<![CDATA[
entry:31 %zii = bitconcatenate i31 @_ssdm_op_BitConcatenate.i31.i8.i23, i8 %tmp_4, i23 0

]]></Node>
<StgValue><ssdm name="zii"/></StgValue>
</operation>

<operation id="67" st_id="14" stage="1" lat="1">
<core>NULL</core>
<MemPortIdVec></MemPortIdVec>
<condition id="-1">
<or_exp><and_exp></and_exp></or_exp>
</condition>

<Node id="48" bw="32" op_0_bw="32">
<![CDATA[
entry:46 %data_V_1 = bitcast i32 %dc_1

]]></Node>
<StgValue><ssdm name="data_V_1"/></StgValue>
</operation>

<operation id="68" st_id="14" stage="1" lat="1">
<core>NULL</core>
<MemPortIdVec></MemPortIdVec>
<condition id="-1">
<or_exp><and_exp></and_exp></or_exp>
</condition>

<Node id="49" bw="1" op_0_bw="1" op_1_bw="32" op_2_bw="32">
<![CDATA[
entry:47 %p_Result_2 = bitselect i1 @_ssdm_op_BitSelect.i1.i32.i32, i32 %data_V_1, i32 31

]]></Node>
<StgValue><ssdm name="p_Result_2"/></StgValue>
</operation>

<operation id="69" st_id="14" stage="1" lat="1">
<core>NULL</core>
<MemPortIdVec></MemPortIdVec>
<condition id="-1">
<or_exp><and_exp></and_exp></or_exp>
</condition>

<Node id="50" bw="8" op_0_bw="8" op_1_bw="32" op_2_bw="32" op_3_bw="32">
<![CDATA[
entry:48 %xs_exp_V_1 = partselect i8 @_ssdm_op_PartSelect.i8.i32.i32.i32, i32 %data_V_1, i32 23, i32 30

]]></Node>
<StgValue><ssdm name="xs_exp_V_1"/></StgValue>
</operation>

<operation id="70" st_id="14" stage="1" lat="1">
<core>NULL</core>
<MemPortIdVec></MemPortIdVec>
<condition id="-1">
<or_exp><and_exp></and_exp></or_exp>
</condition>

<Node id="51" bw="23" op_0_bw="32">
<![CDATA[
entry:49 %p_Result_3 = trunc i32 %data_V_1

]]></Node>
<StgValue><ssdm name="p_Result_3"/></StgValue>
</operation>

<operation id="71" st_id="14" stage="1" lat="1">
<core>NULL</core>
<MemPortIdVec></MemPortIdVec>
<condition id="-1">
<or_exp><and_exp></and_exp></or_exp>
</condition>

<Node id="52" bw="25" op_0_bw="25" op_1_bw="1" op_2_bw="23" op_3_bw="1">
<![CDATA[
entry:50 %mantissa_1 = bitconcatenate i25 @_ssdm_op_BitConcatenate.i25.i1.i23.i1, i1 1, i23 %p_Result_3, i1 0

]]></Node>
<StgValue><ssdm name="mantissa_1"/></StgValue>
</operation>

<operation id="72" st_id="14" stage="1" lat="1">
<core>NULL</core>
<MemPortIdVec></MemPortIdVec>
<condition id="-1">
<or_exp><and_exp></and_exp></or_exp>
</condition>

<Node id="53" bw="79" op_0_bw="25">
<![CDATA[
entry:51 %zext_ln15_1 = zext i25 %mantissa_1

]]></Node>
<StgValue><ssdm name="zext_ln15_1"/></StgValue>
</operation>

<operation id="73" st_id="14" stage="1" lat="1">
<core>NULL</core>
<MemPortIdVec></MemPortIdVec>
<condition id="-1">
<or_exp><and_exp></and_exp></or_exp>
</condition>

<Node id="54" bw="9" op_0_bw="8">
<![CDATA[
entry:52 %zext_ln346_1 = zext i8 %xs_exp_V_1

]]></Node>
<StgValue><ssdm name="zext_ln346_1"/></StgValue>
</operation>

<operation id="74" st_id="14" stage="1" lat="1">
<core>Adder</core>
<MemPortIdVec></MemPortIdVec>
<condition id="-1">
<or_exp><and_exp></and_exp></or_exp>
</condition>

<Node id="55" bw="9" op_0_bw="9" op_1_bw="9">
<![CDATA[
entry:53 %add_ln346_1 = add i9 %zext_ln346_1, i9 385

]]></Node>
<StgValue><ssdm name="add_ln346_1"/></StgValue>
</operation>

<operation id="75" st_id="14" stage="1" lat="1">
<core>NULL</core>
<MemPortIdVec></MemPortIdVec>
<condition id="-1">
<or_exp><and_exp></and_exp></or_exp>
</condition>

<Node id="56" bw="1" op_0_bw="1" op_1_bw="9" op_2_bw="32">
<![CDATA[
entry:54 %isNeg_1 = bitselect i1 @_ssdm_op_BitSelect.i1.i9.i32, i9 %add_ln346_1, i32 8

]]></Node>
<StgValue><ssdm name="isNeg_1"/></StgValue>
</operation>

<operation id="76" st_id="14" stage="1" lat="1">
<core>Adder</core>
<MemPortIdVec></MemPortIdVec>
<condition id="-1">
<or_exp><and_exp></and_exp></or_exp>
</condition>

<Node id="57" bw="8" op_0_bw="8" op_1_bw="8">
<![CDATA[
entry:55 %sub_ln1512_1 = sub i8 127, i8 %xs_exp_V_1

]]></Node>
<StgValue><ssdm name="sub_ln1512_1"/></StgValue>
</operation>

<operation id="77" st_id="14" stage="1" lat="1">
<core>NULL</core>
<MemPortIdVec></MemPortIdVec>
<condition id="-1">
<or_exp><and_exp></and_exp></or_exp>
</condition>

<Node id="58" bw="9" op_0_bw="8">
<![CDATA[
entry:56 %sext_ln1512_1 = sext i8 %sub_ln1512_1

]]></Node>
<StgValue><ssdm name="sext_ln1512_1"/></StgValue>
</operation>

<operation id="78" st_id="14" stage="1" lat="1">
<core>Sel</core>
<MemPortIdVec></MemPortIdVec>
<condition id="-1">
<or_exp><and_exp></and_exp></or_exp>
</condition>

<Node id="59" bw="9" op_0_bw="1" op_1_bw="9" op_2_bw="9">
<![CDATA[
entry:57 %ush_1 = select i1 %isNeg_1, i9 %sext_ln1512_1, i9 %add_ln346_1

]]></Node>
<StgValue><ssdm name="ush_1"/></StgValue>
</operation>

<operation id="79" st_id="14" stage="1" lat="1">
<core>NULL</core>
<MemPortIdVec></MemPortIdVec>
<condition id="-1">
<or_exp><and_exp></and_exp></or_exp>
</condition>

<Node id="60" bw="32" op_0_bw="9">
<![CDATA[
entry:58 %sext_ln1488_1 = sext i9 %ush_1

]]></Node>
<StgValue><ssdm name="sext_ln1488_1"/></StgValue>
</operation>

<operation id="80" st_id="14" stage="1" lat="1">
<core>NULL</core>
<MemPortIdVec></MemPortIdVec>
<condition id="-1">
<or_exp><and_exp></and_exp></or_exp>
</condition>

<Node id="61" bw="79" op_0_bw="32">
<![CDATA[
entry:59 %zext_ln1488_1 = zext i32 %sext_ln1488_1

]]></Node>
<StgValue><ssdm name="zext_ln1488_1"/></StgValue>
</operation>

<operation id="81" st_id="14" stage="1" lat="1">
<core>Shifter</core>
<MemPortIdVec></MemPortIdVec>
<condition id="-1">
<or_exp><and_exp></and_exp></or_exp>
</condition>

<Node id="62" bw="79" op_0_bw="79" op_1_bw="79">
<![CDATA[
entry:60 %r_V_2 = lshr i79 %zext_ln15_1, i79 %zext_ln1488_1

]]></Node>
<StgValue><ssdm name="r_V_2"/></StgValue>
</operation>

<operation id="82" st_id="14" stage="1" lat="1">
<core>Shifter</core>
<MemPortIdVec></MemPortIdVec>
<condition id="-1">
<or_exp><and_exp></and_exp></or_exp>
</condition>

<Node id="63" bw="79" op_0_bw="79" op_1_bw="79">
<![CDATA[
entry:61 %r_V_3 = shl i79 %zext_ln15_1, i79 %zext_ln1488_1

]]></Node>
<StgValue><ssdm name="r_V_3"/></StgValue>
</operation>

<operation id="83" st_id="14" stage="1" lat="1">
<core>NULL</core>
<MemPortIdVec></MemPortIdVec>
<condition id="-1">
<or_exp><and_exp></and_exp></or_exp>
</condition>

<Node id="64" bw="1" op_0_bw="1" op_1_bw="79" op_2_bw="32">
<![CDATA[
entry:62 %tmp_6 = bitselect i1 @_ssdm_op_BitSelect.i1.i79.i32, i79 %r_V_2, i32 24

]]></Node>
<StgValue><ssdm name="tmp_6"/></StgValue>
</operation>

<operation id="84" st_id="14" stage="1" lat="1">
<core>NULL</core>
<MemPortIdVec></MemPortIdVec>
<condition id="-1">
<or_exp><and_exp></and_exp></or_exp>
</condition>

<Node id="65" bw="32" op_0_bw="1">
<![CDATA[
entry:63 %zext_ln818_1 = zext i1 %tmp_6

]]></Node>
<StgValue><ssdm name="zext_ln818_1"/></StgValue>
</operation>

<operation id="85" st_id="14" stage="1" lat="1">
<core>NULL</core>
<MemPortIdVec></MemPortIdVec>
<condition id="-1">
<or_exp><and_exp></and_exp></or_exp>
</condition>

<Node id="66" bw="32" op_0_bw="32" op_1_bw="79" op_2_bw="32" op_3_bw="32">
<![CDATA[
entry:64 %tmp_7 = partselect i32 @_ssdm_op_PartSelect.i32.i79.i32.i32, i79 %r_V_3, i32 24, i32 55

]]></Node>
<StgValue><ssdm name="tmp_7"/></StgValue>
</operation>

<operation id="86" st_id="14" stage="1" lat="1">
<core>Sel</core>
<MemPortIdVec></MemPortIdVec>
<condition id="-1">
<or_exp><and_exp></and_exp></or_exp>
</condition>

<Node id="67" bw="32" op_0_bw="1" op_1_bw="32" op_2_bw="32">
<![CDATA[
entry:65 %val_1 = select i1 %isNeg_1, i32 %zext_ln818_1, i32 %tmp_7

]]></Node>
<StgValue><ssdm name="val_1"/></StgValue>
</operation>

<operation id="87" st_id="14" stage="1" lat="1">
<core>Adder</core>
<MemPortIdVec></MemPortIdVec>
<condition id="-1">
<or_exp><and_exp></and_exp></or_exp>
</condition>

<Node id="68" bw="32" op_0_bw="32" op_1_bw="32">
<![CDATA[
entry:66 %result_V_6 = sub i32 0, i32 %val_1

]]></Node>
<StgValue><ssdm name="result_V_6"/></StgValue>
</operation>

<operation id="88" st_id="14" stage="1" lat="1">
<core>Sel</core>
<MemPortIdVec></MemPortIdVec>
<condition id="-1">
<or_exp><and_exp></and_exp></or_exp>
</condition>

<Node id="69" bw="32" op_0_bw="1" op_1_bw="32" op_2_bw="32">
<![CDATA[
entry:67 %result_V_7 = select i1 %p_Result_2, i32 %result_V_6, i32 %val_1

]]></Node>
<StgValue><ssdm name="result_V_7"/></StgValue>
</operation>

<operation id="89" st_id="14" stage="1" lat="1">
<core>NULL</core>
<MemPortIdVec></MemPortIdVec>
<condition id="-1">
<or_exp><and_exp></and_exp></or_exp>
</condition>

<Node id="70" bw="31" op_0_bw="32">
<![CDATA[
entry:68 %trunc_ln12 = trunc i32 %result_V_7

]]></Node>
<StgValue><ssdm name="trunc_ln12"/></StgValue>
</operation>

<operation id="90" st_id="14" stage="1" lat="1">
<core>LogicGate</core>
<MemPortIdVec></MemPortIdVec>
<condition id="-1">
<or_exp><and_exp></and_exp></or_exp>
</condition>

<Node id="71" bw="31" op_0_bw="31" op_1_bw="31">
<![CDATA[
entry:69 %or_ln12 = or i31 %trunc_ln12, i31 %zii

]]></Node>
<StgValue><ssdm name="or_ln12"/></StgValue>
</operation>

<operation id="91" st_id="14" stage="1" lat="1">
<core>NULL</core>
<MemPortIdVec></MemPortIdVec>
<condition id="-1">
<or_exp><and_exp></and_exp></or_exp>
</condition>

<Node id="72" bw="1" op_0_bw="1" op_1_bw="32" op_2_bw="32">
<![CDATA[
entry:70 %tmp_8 = bitselect i1 @_ssdm_op_BitSelect.i1.i32.i32, i32 %result_V_7, i32 31

]]></Node>
<StgValue><ssdm name="tmp_8"/></StgValue>
</operation>
</state>

<state id="15" st_id="15">

<operation id="92" st_id="15" stage="1" lat="1">
<core>NULL</core>
<MemPortIdVec></MemPortIdVec>
<condition id="-1">
<or_exp><and_exp></and_exp></or_exp>
</condition>

<Node id="73" bw="32" op_0_bw="32" op_1_bw="1" op_2_bw="31">
<![CDATA[
entry:71 %zii_1 = bitconcatenate i32 @_ssdm_op_BitConcatenate.i32.i1.i31, i1 %tmp_8, i31 %or_ln12

]]></Node>
<StgValue><ssdm name="zii_1"/></StgValue>
</operation>

<operation id="93" st_id="15" stage="1" lat="1">
<core>NULL</core>
<MemPortIdVec></MemPortIdVec>
<condition id="-1">
<or_exp><and_exp></and_exp></or_exp>
</condition>

<Node id="74" bw="32" op_0_bw="32">
<![CDATA[
entry:72 %y = bitcast i32 %zii_1

]]></Node>
<StgValue><ssdm name="y"/></StgValue>
</operation>

<operation id="94" st_id="15" stage="2" lat="2">
<core>FMul_maxdsp</core>
<MemPortIdVec></MemPortIdVec>
<condition id="-1">
<or_exp><and_exp></and_exp></or_exp>
</condition>

<Node id="75" bw="32" op_0_bw="32" op_1_bw="32">
<![CDATA[
entry:73 %y_1 = fmul i32 %y, i32 0.998128

]]></Node>
<StgValue><ssdm name="y_1"/></StgValue>
</operation>
</state>

<state id="16" st_id="16">

<operation id="95" st_id="16" stage="1" lat="1">
<core>NULL</core>
<MemPortIdVec></MemPortIdVec>
<condition id="-1">
<or_exp><and_exp></and_exp></or_exp>
</condition>

<Node id="2" bw="0" op_0_bw="0" op_1_bw="32">
<![CDATA[
entry:0 %specbitsmap_ln0 = specbitsmap void @_ssdm_op_SpecBitsMap, i32 0

]]></Node>
<StgValue><ssdm name="specbitsmap_ln0"/></StgValue>
</operation>

<operation id="96" st_id="16" stage="1" lat="1">
<core>NULL</core>
<MemPortIdVec></MemPortIdVec>
<condition id="-1">
<or_exp><and_exp></and_exp></or_exp>
</condition>

<Node id="3" bw="0" op_0_bw="0" op_1_bw="0">
<![CDATA[
entry:1 %spectopmodule_ln3 = spectopmodule void @_ssdm_op_SpecTopModule, void @empty_1

]]></Node>
<StgValue><ssdm name="spectopmodule_ln3"/></StgValue>
</operation>

<operation id="97" st_id="16" stage="1" lat="1">
<core>NULL</core>
<MemPortIdVec></MemPortIdVec>
<condition id="-1">
<or_exp><and_exp></and_exp></or_exp>
</condition>

<Node id="4" bw="0" op_0_bw="0" op_1_bw="32">
<![CDATA[
entry:2 %specbitsmap_ln0 = specbitsmap void @_ssdm_op_SpecBitsMap, i32 %x

]]></Node>
<StgValue><ssdm name="specbitsmap_ln0"/></StgValue>
</operation>

<operation id="98" st_id="16" stage="1" lat="1">
<core>NULL</core>
<MemPortIdVec></MemPortIdVec>
<condition id="-1">
<or_exp><and_exp></and_exp></or_exp>
</condition>

<Node id="5" bw="0" op_0_bw="0" op_1_bw="32" op_2_bw="0" op_3_bw="32" op_4_bw="32" op_5_bw="0" op_6_bw="32" op_7_bw="32" op_8_bw="0" op_9_bw="0" op_10_bw="0" op_11_bw="32" op_12_bw="32" op_13_bw="32" op_14_bw="32" op_15_bw="0" op_16_bw="0" op_17_bw="32" op_18_bw="32">
<![CDATA[
entry:3 %specinterface_ln0 = specinterface void @_ssdm_op_SpecInterface, i32 %x, void @empty, i32 0, i32 0, void @empty_0, i32 0, i32 0, void @empty_0, void @empty_0, void @empty_0, i32 0, i32 0, i32 0, i32 0, void @empty_0, void @empty_0, i32 4294967295, i32 0

]]></Node>
<StgValue><ssdm name="specinterface_ln0"/></StgValue>
</operation>

<operation id="99" st_id="16" stage="1" lat="2">
<core>FMul_maxdsp</core>
<MemPortIdVec></MemPortIdVec>
<condition id="-1">
<or_exp><and_exp></and_exp></or_exp>
</condition>

<Node id="75" bw="32" op_0_bw="32" op_1_bw="32">
<![CDATA[
entry:73 %y_1 = fmul i32 %y, i32 0.998128

]]></Node>
<StgValue><ssdm name="y_1"/></StgValue>
</operation>

<operation id="100" st_id="16" stage="1" lat="1">
<core>NULL</core>
<MemPortIdVec></MemPortIdVec>
<condition id="-1">
<or_exp><and_exp></and_exp></or_exp>
</condition>

<Node id="76" bw="0" op_0_bw="32">
<![CDATA[
entry:74 %ret_ln15 = ret i32 %y_1

]]></Node>
<StgValue><ssdm name="ret_ln15"/></StgValue>
</operation>
</state>
</state_list>


<ports>
</ports>


<dataflows>
</dataflows>


</stg>
