<profile>

<section name = "Vitis HLS Report for 'exp_P1_4pM'" level="0">
<item name = "Date">Sun Jul 16 23:17:19 2023
</item>
<item name = "Version">2022.1 (Build 3526262 on Mon Apr 18 15:47:01 MDT 2022)</item>
<item name = "Project">exp_P1_4pM</item>
<item name = "Solution">solution1 (Vivado IP Flow Target)</item>
<item name = "Product family">virtexuplus</item>
<item name = "Target device">xcvu11p-flga2577-1-e</item>
</section>

<section name = "Performance Estimates" level="0">
<item name = "Timing">
<section name = "" level="1">
<item name = "Summary"><table name="" hasTotal="0">
<keys size="4">Clock, Target, Estimated, Uncertainty</keys>
<column name="ap_clk">10.00 ns, 7.297 ns, 2.00 ns</column>
</table>
</item>
</section>
</item>
<item name = "Latency">
<section name = "" level="1">
<item name = "Summary"><table name="" hasTotal="0">
<keys size="8">, min, max, min, max, min, max, Type</keys>
<column name="">15, 15, 0.150 us, 0.150 us, 16, 16, no</column>
</table>
</item>
<item name = "Detail">
<section name = "" level="1">
<item name = "Instance"><table name="" hasTotal="0">
<keys size="9">Instance, Module, min, max, min, max, min, max, Type</keys>
</table>
</item>
<item name = "Loop"><table name="" hasTotal="0">
<keys size="8">Loop Name, min, max, Latency, achieved, target, Count, Pipelined</keys>
</table>
</item>
</section>
</item>
</section>
</item>
</section>

<section name = "Utilization Estimates" level="0">
<item name = "Summary"><table name="" hasTotal="1">
<keys size="6">Name, BRAM_18K, DSP, FF, LUT, URAM</keys>
<column name="DSP">-, -, -, -, -</column>
<column name="Expression">-, -, 0, 1400, -</column>
<column name="FIFO">-, -, -, -, -</column>
<column name="Instance">-, 5, 305, 326, -</column>
<column name="Memory">-, -, -, -, -</column>
<column name="Multiplexer">-, -, -, 149, -</column>
<column name="Register">-, -, 186, -, -</column>
<specialColumn name="Available SLR">1344, 3072, 864000, 432000, 320</specialColumn>
<specialColumn name="Utilization SLR (%)">0, ~0, ~0, ~0, 0</specialColumn>
<specialColumn name="Available">4032, 9216, 2592000, 1296000, 960</specialColumn>
<specialColumn name="Utilization (%)">0, ~0, ~0, ~0, 0</specialColumn>
</table>
</item>
<item name = "Detail">
<section name = "" level="1">
<item name = "Instance"><table name="" hasTotal="1">
<keys size="7">Instance, Module, BRAM_18K, DSP, FF, LUT, URAM</keys>
<column name="fadd_32ns_32ns_32_3_full_dsp_1_U1">fadd_32ns_32ns_32_3_full_dsp_1, 0, 2, 177, 229, 0</column>
<column name="fmul_32ns_32ns_32_2_max_dsp_1_U2">fmul_32ns_32ns_32_2_max_dsp_1, 0, 3, 128, 77, 0</column>
<column name="mux_42_32_1_1_U4">mux_42_32_1_1, 0, 0, 0, 20, 0</column>
<column name="sitofp_32ns_32_2_no_dsp_1_U3">sitofp_32ns_32_2_no_dsp_1, 0, 0, 0, 0, 0</column>
</table>
</item>
<item name = "DSP"><table name="" hasTotal="0">
<keys size="3">Instance, Module, Expression</keys>
</table>
</item>
<item name = "Memory"><table name="" hasTotal="1">
<keys size="10">Memory, Module, BRAM_18K, FF, LUT, URAM, Words, Bits, Banks, W*Bits*Banks</keys>
</table>
</item>
<item name = "FIFO"><table name="" hasTotal="1">
<keys size="8">Name, BRAM_18K, FF, LUT, URAM, Depth, Bits, Size:D*B</keys>
</table>
</item>
<item name = "Expression"><table name="" hasTotal="1">
<keys size="7">Variable Name, Operation, DSP, FF, LUT, Bitwidth P0, Bitwidth P1</keys>
<column name="add_ln346_1_fu_413_p2">+, 0, 0, 16, 9, 8</column>
<column name="add_ln346_fu_180_p2">+, 0, 0, 16, 9, 8</column>
<column name="result_V_2_fu_262_p2">-, 0, 0, 38, 1, 31</column>
<column name="result_V_6_fu_495_p2">-, 0, 0, 39, 1, 32</column>
<column name="sub_ln1512_1_fu_427_p2">-, 0, 0, 15, 7, 8</column>
<column name="sub_ln1512_fu_194_p2">-, 0, 0, 15, 7, 8</column>
<column name="icmp_ln9_1_fu_315_p2">icmp, 0, 0, 8, 2, 1</column>
<column name="icmp_ln9_2_fu_320_p2">icmp, 0, 0, 8, 2, 3</column>
<column name="icmp_ln9_fu_302_p2">icmp, 0, 0, 8, 2, 1</column>
<column name="r_V_2_fu_453_p2">lshr, 0, 0, 242, 79, 79</column>
<column name="r_V_fu_220_p2">lshr, 0, 0, 242, 79, 79</column>
<column name="empty_fu_333_p2">or, 0, 0, 2, 1, 1</column>
<column name="or_ln12_fu_513_p2">or, 0, 0, 31, 31, 31</column>
<column name="merge_i_fu_339_p3">select, 0, 0, 32, 1, 32</column>
<column name="result_V_7_fu_501_p3">select, 0, 0, 32, 1, 32</column>
<column name="result_V_fu_267_p3">select, 0, 0, 31, 1, 31</column>
<column name="select_ln9_1_i_fu_325_p3">select, 0, 0, 30, 1, 30</column>
<column name="select_ln9_fu_307_p3">select, 0, 0, 30, 1, 30</column>
<column name="ush_1_fu_437_p3">select, 0, 0, 9, 1, 9</column>
<column name="ush_fu_204_p3">select, 0, 0, 9, 1, 9</column>
<column name="val_1_fu_487_p3">select, 0, 0, 32, 1, 32</column>
<column name="val_fu_254_p3">select, 0, 0, 31, 1, 31</column>
<column name="r_V_1_fu_226_p2">shl, 0, 0, 242, 79, 79</column>
<column name="r_V_3_fu_459_p2">shl, 0, 0, 242, 79, 79</column>
</table>
</item>
<item name = "Multiplexer"><table name="" hasTotal="1">
<keys size="5">Name, LUT, Input Size, Bits, Total Bits</keys>
<column name="ap_NS_fsm">81, 17, 1, 17</column>
<column name="grp_fu_106_p1">14, 3, 32, 96</column>
<column name="grp_fu_111_p0">20, 4, 32, 128</column>
<column name="grp_fu_111_p1">20, 4, 32, 128</column>
<column name="grp_fu_118_p0">14, 3, 32, 96</column>
</table>
</item>
<item name = "Register"><table name="" hasTotal="1">
<keys size="5">Name, FF, LUT, Bits, Const Bits</keys>
<column name="ap_CS_fsm">16, 0, 16, 0</column>
<column name="or_ln12_reg_582">31, 0, 31, 0</column>
<column name="p_Result_s_reg_543">1, 0, 1, 0</column>
<column name="reg_121">32, 0, 32, 0</column>
<column name="reg_126">32, 0, 32, 0</column>
<column name="reg_130">32, 0, 32, 0</column>
<column name="tmp_4_reg_554">8, 0, 8, 0</column>
<column name="tmp_8_reg_587">1, 0, 1, 0</column>
<column name="trunc_ln_reg_564">2, 0, 2, 0</column>
<column name="val_reg_548">31, 0, 31, 0</column>
</table>
</item>
</section>
</item>
</section>

<section name = "Interface" level="0">
<item name = "Summary"><table name="" hasTotal="0">
<keys size="6">RTL Ports, Dir, Bits, Protocol, Source Object, C Type</keys>
<column name="ap_clk">in, 1, ap_ctrl_hs, exp_P1_4pM, return value</column>
<column name="ap_rst">in, 1, ap_ctrl_hs, exp_P1_4pM, return value</column>
<column name="ap_start">in, 1, ap_ctrl_hs, exp_P1_4pM, return value</column>
<column name="ap_done">out, 1, ap_ctrl_hs, exp_P1_4pM, return value</column>
<column name="ap_idle">out, 1, ap_ctrl_hs, exp_P1_4pM, return value</column>
<column name="ap_ready">out, 1, ap_ctrl_hs, exp_P1_4pM, return value</column>
<column name="ap_return">out, 32, ap_ctrl_hs, exp_P1_4pM, return value</column>
<column name="x">in, 32, ap_none, x, scalar</column>
</table>
</item>
</section>
</profile>
