<xilinx:hls_fe_msgs>
    <msg msg_groups="" msg_id="207-3917" msg_severity="WARNING" msg_loc="exp_P1_4pM.c:2:43" msg_body="excess elements in array initializer">
        <args/>
    </msg>
    <msg msg_groups="" msg_id="207-919" msg_severity="WARNING" msg_loc="exp_P1_4pM.c:6:6" msg_body="treating Unicode character as whitespace">
        <args ClangWarningOption="unicode-whitespace"/>
    </msg>
    <msg msg_groups="PRAGMA_VERBOSE_DUMP" msg_id="207-5471" msg_severity="WARNING" msg_loc="/tools/exp_P1_4pM/exp_P1_4pM/solution1/csynth.tcl:15:9" msg_body="HLS pragma dump">
        <args ARG_PragmaContext="directive" ARG_PragmaFunction="exp_P1_4pM" ARG_PragmaIsValid="1" ARG_PragmaOptions="name=exp_P1_4pM" ARG_PragmaType="top" ClangWarningOption="dump-hls-pragmas"/>
    </msg>
    <msg msg_groups="PRAGMA_INLINE" msg_id="214-178" msg_severity="INFO" msg_loc="/wrk/ci/prod/2022.1/rdi_builds/continuous/2022_04_18_3526262/src/shared/hls/clib/hlsmath/include/FloatingPoint/hls_case_IEEE754.h:12:0" msg_body="Inlining function 'fp_struct&lt;float&gt;::fp_struct(float)' into 'int generic_cast_IEEE754&lt;int, (ap_q_mode)6, float&gt;(float, bool, hls::enable_if&lt;std::numeric_limits&lt;int&gt;::is_signed, bool&gt;::type)'">
        <args Callee="fp_struct&lt;float&gt;::fp_struct(float)" Caller="int generic_cast_IEEE754&lt;int, (ap_q_mode)6, float&gt;(float, bool, hls::enable_if&lt;std::numeric_limits&lt;int&gt;::is_signed, bool&gt;::type)"/>
    </msg>
    <msg msg_groups="PRAGMA_INLINE" msg_id="214-178" msg_severity="INFO" msg_loc="/wrk/ci/prod/2022.1/rdi_builds/continuous/2022_04_18_3526262/src/shared/hls/clib/hlsmath/include/FloatingPoint/hls_case_IEEE754.h:12:0" msg_body="Inlining function 'fp_struct&lt;float&gt;::mantissa() const' into 'int generic_cast_IEEE754&lt;int, (ap_q_mode)6, float&gt;(float, bool, hls::enable_if&lt;std::numeric_limits&lt;int&gt;::is_signed, bool&gt;::type)'">
        <args Callee="fp_struct&lt;float&gt;::mantissa() const" Caller="int generic_cast_IEEE754&lt;int, (ap_q_mode)6, float&gt;(float, bool, hls::enable_if&lt;std::numeric_limits&lt;int&gt;::is_signed, bool&gt;::type)"/>
    </msg>
    <msg msg_groups="PRAGMA_INLINE" msg_id="214-178" msg_severity="INFO" msg_loc="/wrk/ci/prod/2022.1/rdi_builds/continuous/2022_04_18_3526262/src/shared/hls/clib/hlsmath/include/FloatingPoint/hls_case_IEEE754.h:12:0" msg_body="Inlining function 'fp_struct&lt;float&gt;::expv() const' into 'int generic_cast_IEEE754&lt;int, (ap_q_mode)6, float&gt;(float, bool, hls::enable_if&lt;std::numeric_limits&lt;int&gt;::is_signed, bool&gt;::type)'">
        <args Callee="fp_struct&lt;float&gt;::expv() const" Caller="int generic_cast_IEEE754&lt;int, (ap_q_mode)6, float&gt;(float, bool, hls::enable_if&lt;std::numeric_limits&lt;int&gt;::is_signed, bool&gt;::type)"/>
    </msg>
    <msg msg_groups="PRAGMA_INLINE" msg_id="214-178" msg_severity="INFO" msg_loc="/wrk/ci/prod/2022.1/rdi_builds/continuous/2022_04_18_3526262/src/shared/hls/clib/hlsmath/include/FloatingPoint/hls_case_IEEE754.h:12:0" msg_body="Inlining function 'fp_struct&lt;float&gt;::__signbit() const' into 'int generic_cast_IEEE754&lt;int, (ap_q_mode)6, float&gt;(float, bool, hls::enable_if&lt;std::numeric_limits&lt;int&gt;::is_signed, bool&gt;::type)'">
        <args Callee="fp_struct&lt;float&gt;::__signbit() const" Caller="int generic_cast_IEEE754&lt;int, (ap_q_mode)6, float&gt;(float, bool, hls::enable_if&lt;std::numeric_limits&lt;int&gt;::is_signed, bool&gt;::type)"/>
    </msg>
    <msg msg_groups="PRAGMA_INLINE" msg_id="214-178" msg_severity="INFO" msg_loc="/wrk/ci/prod/2022.1/rdi_builds/continuous/2022_04_18_3526262/src/shared/hls/clib/hlsmath/include/FloatingPoint/hls_case_IEEE754.h:116:0" msg_body="Inlining function 'int generic_cast_IEEE754&lt;int, (ap_q_mode)6, float&gt;(float, bool, hls::enable_if&lt;std::numeric_limits&lt;int&gt;::is_signed, bool&gt;::type)' into 'int generic_cast_IEEE754&lt;int, float&gt;(float, bool)'">
        <args Callee="int generic_cast_IEEE754&lt;int, (ap_q_mode)6, float&gt;(float, bool, hls::enable_if&lt;std::numeric_limits&lt;int&gt;::is_signed, bool&gt;::type)" Caller="int generic_cast_IEEE754&lt;int, float&gt;(float, bool)"/>
    </msg>
    <msg msg_groups="PRAGMA_INLINE" msg_id="214-178" msg_severity="INFO" msg_loc="/wrk/ci/prod/2022.1/rdi_builds/continuous/2022_04_18_3526262/src/shared/hls/clib/hlsmath/src/lib_floatconversion.cpp:51:0" msg_body="Inlining function 'int generic_cast_IEEE754&lt;int, float&gt;(float, bool)' into '__hls_fptosi_float_i32'">
        <args Callee="int generic_cast_IEEE754&lt;int, float&gt;(float, bool)" Caller="__hls_fptosi_float_i32"/>
    </msg>
    <msg msg_groups="PRAGMA_INLINE" msg_id="214-178" msg_severity="INFO" msg_loc="exp_P1_4pM.c:4:0" msg_body="Inlining function '__hls_fptosi_float_i32' into 'exp_P1_4pM'">
        <args Callee="__hls_fptosi_float_i32" Caller="exp_P1_4pM"/>
    </msg>
</xilinx:hls_fe_msgs>

