{"sourceFile": [{
      "name": "",
      "directive": [{
          "functionName": "exp_P1_8p_wM_int",
          "label": "",
          "functionLabel": "",
          "id": "1",
          "sourceFile": "\/tools\/exp_P1_8p_wM_int\/exp_P1_8p_wM_int\/solution1\/csynth.tcl",
          "sourceLine": "15",
          "pragma": {
            "name": "TOP",
            "option": [{
                "name": "name",
                "value": "exp_P1_8p_wM_int"
              }]
          }
        }]
    }]}
