<profile>

<section name = "Vitis HLS Report for 'exp_P1_8p_wM_int'" level="0">
<item name = "Date">Sun Jul 16 23:54:47 2023
</item>
<item name = "Version">2022.1 (Build 3526262 on Mon Apr 18 15:47:01 MDT 2022)</item>
<item name = "Project">exp_P1_8p_wM_int</item>
<item name = "Solution">solution1 (Vivado IP Flow Target)</item>
<item name = "Product family">virtexuplus</item>
<item name = "Target device">xcvu11p-flga2577-1-e</item>
</section>

<section name = "Performance Estimates" level="0">
<item name = "Timing">
<section name = "" level="1">
<item name = "Summary"><table name="" hasTotal="0">
<keys size="4">Clock, Target, Estimated, Uncertainty</keys>
<column name="ap_clk">10.00 ns, 7.297 ns, 2.00 ns</column>
</table>
</item>
</section>
</item>
<item name = "Latency">
<section name = "" level="1">
<item name = "Summary"><table name="" hasTotal="0">
<keys size="8">, min, max, min, max, min, max, Type</keys>
<column name="">6, 6, 60.000 ns, 60.000 ns, 7, 7, no</column>
</table>
</item>
<item name = "Detail">
<section name = "" level="1">
<item name = "Instance"><table name="" hasTotal="0">
<keys size="9">Instance, Module, min, max, min, max, min, max, Type</keys>
</table>
</item>
<item name = "Loop"><table name="" hasTotal="0">
<keys size="8">Loop Name, min, max, Latency, achieved, target, Count, Pipelined</keys>
</table>
</item>
</section>
</item>
</section>
</item>
</section>

<section name = "Utilization Estimates" level="0">
<item name = "Summary"><table name="" hasTotal="1">
<keys size="6">Name, BRAM_18K, DSP, FF, LUT, URAM</keys>
<column name="DSP">-, -, -, -, -</column>
<column name="Expression">-, -, 0, 687, -</column>
<column name="FIFO">-, -, -, -, -</column>
<column name="Instance">-, 7, 305, 348, -</column>
<column name="Memory">0, -, 47, 6, -</column>
<column name="Multiplexer">-, -, -, 43, -</column>
<column name="Register">-, -, 102, -, -</column>
<specialColumn name="Available SLR">1344, 3072, 864000, 432000, 320</specialColumn>
<specialColumn name="Utilization SLR (%)">0, ~0, ~0, ~0, 0</specialColumn>
<specialColumn name="Available">4032, 9216, 2592000, 1296000, 960</specialColumn>
<specialColumn name="Utilization (%)">0, ~0, ~0, ~0, 0</specialColumn>
</table>
</item>
<item name = "Detail">
<section name = "" level="1">
<item name = "Instance"><table name="" hasTotal="1">
<keys size="7">Instance, Module, BRAM_18K, DSP, FF, LUT, URAM</keys>
<column name="fadd_32ns_32ns_32_3_full_dsp_1_U1">fadd_32ns_32ns_32_3_full_dsp_1, 0, 2, 177, 229, 0</column>
<column name="fmul_32ns_32ns_32_2_max_dsp_1_U2">fmul_32ns_32ns_32_2_max_dsp_1, 0, 3, 128, 77, 0</column>
<column name="mul_23ns_24ns_47_1_1_U3">mul_23ns_24ns_47_1_1, 0, 2, 0, 42, 0</column>
</table>
</item>
<item name = "DSP"><table name="" hasTotal="0">
<keys size="3">Instance, Module, Expression</keys>
</table>
</item>
<item name = "Memory"><table name="" hasTotal="1">
<keys size="10">Memory, Module, BRAM_18K, FF, LUT, URAM, Words, Bits, Banks, W*Bits*Banks</keys>
<column name="alpha_U">alpha_ROM_AUTO_1R, 0, 24, 3, 0, 8, 24, 1, 192</column>
<column name="beta_U">beta_ROM_AUTO_1R, 0, 23, 3, 0, 8, 23, 1, 184</column>
</table>
</item>
<item name = "FIFO"><table name="" hasTotal="1">
<keys size="8">Name, BRAM_18K, FF, LUT, URAM, Depth, Bits, Size:D*B</keys>
</table>
</item>
<item name = "Expression"><table name="" hasTotal="1">
<keys size="7">Variable Name, Operation, DSP, FF, LUT, Bitwidth P0, Bitwidth P1</keys>
<column name="add_ln346_fu_172_p2">+, 0, 0, 16, 9, 8</column>
<column name="zif_1_fu_336_p2">+, 0, 0, 32, 25, 25</column>
<column name="result_V_2_fu_254_p2">-, 0, 0, 38, 1, 31</column>
<column name="sub_ln1512_fu_186_p2">-, 0, 0, 15, 7, 8</column>
<column name="r_V_fu_212_p2">lshr, 0, 0, 242, 79, 79</column>
<column name="or_ln14_fu_346_p2">or, 0, 0, 31, 31, 31</column>
<column name="result_V_fu_260_p3">select, 0, 0, 31, 1, 31</column>
<column name="ush_fu_196_p3">select, 0, 0, 9, 1, 9</column>
<column name="val_fu_246_p3">select, 0, 0, 31, 1, 31</column>
<column name="r_V_1_fu_218_p2">shl, 0, 0, 242, 79, 79</column>
</table>
</item>
<item name = "Multiplexer"><table name="" hasTotal="1">
<keys size="5">Name, LUT, Input Size, Bits, Total Bits</keys>
<column name="ap_NS_fsm">43, 8, 1, 8</column>
</table>
</item>
<item name = "Register"><table name="" hasTotal="1">
<keys size="5">Name, FF, LUT, Bits, Const Bits</keys>
<column name="ap_CS_fsm">7, 0, 7, 0</column>
<column name="dc_reg_382">32, 0, 32, 0</column>
<column name="mul_reg_377">32, 0, 32, 0</column>
<column name="tmp_4_reg_392">8, 0, 8, 0</column>
<column name="zif_reg_387">23, 0, 23, 0</column>
</table>
</item>
</section>
</item>
</section>

<section name = "Interface" level="0">
<item name = "Summary"><table name="" hasTotal="0">
<keys size="6">RTL Ports, Dir, Bits, Protocol, Source Object, C Type</keys>
<column name="ap_clk">in, 1, ap_ctrl_hs, exp_P1_8p_wM_int, return value</column>
<column name="ap_rst">in, 1, ap_ctrl_hs, exp_P1_8p_wM_int, return value</column>
<column name="ap_start">in, 1, ap_ctrl_hs, exp_P1_8p_wM_int, return value</column>
<column name="ap_done">out, 1, ap_ctrl_hs, exp_P1_8p_wM_int, return value</column>
<column name="ap_idle">out, 1, ap_ctrl_hs, exp_P1_8p_wM_int, return value</column>
<column name="ap_ready">out, 1, ap_ctrl_hs, exp_P1_8p_wM_int, return value</column>
<column name="ap_return">out, 32, ap_ctrl_hs, exp_P1_8p_wM_int, return value</column>
<column name="x">in, 32, ap_none, x, scalar</column>
</table>
</item>
</section>
</profile>
