<stg><name>exp_P1_8p_wM_int</name>


<trans_list>

<trans id="64" from="1" to="2">
<condition id="-1">
<or_exp><and_exp></and_exp></or_exp>
</condition>
</trans>

<trans id="65" from="2" to="3">
<condition id="-1">
<or_exp><and_exp></and_exp></or_exp>
</condition>
</trans>

<trans id="66" from="3" to="4">
<condition id="-1">
<or_exp><and_exp></and_exp></or_exp>
</condition>
</trans>

<trans id="67" from="4" to="5">
<condition id="-1">
<or_exp><and_exp></and_exp></or_exp>
</condition>
</trans>

<trans id="68" from="5" to="6">
<condition id="-1">
<or_exp><and_exp></and_exp></or_exp>
</condition>
</trans>

<trans id="69" from="6" to="7">
<condition id="-1">
<or_exp><and_exp></and_exp></or_exp>
</condition>
</trans>
</trans_list>



<state_list>

<state id="1" st_id="1">

<operation id="8" st_id="1" stage="1" lat="1">
<core>NULL</core>
<MemPortIdVec></MemPortIdVec>
<condition id="-1">
<or_exp><and_exp></and_exp></or_exp>
</condition>

<Node id="8" bw="32" op_0_bw="32" op_1_bw="32">
<![CDATA[
entry:4 %x_read = read i32 @_ssdm_op_Read.ap_auto.float, i32 %x

]]></Node>
<StgValue><ssdm name="x_read"/></StgValue>
</operation>

<operation id="9" st_id="1" stage="2" lat="2">
<core>FMul_maxdsp</core>
<MemPortIdVec></MemPortIdVec>
<condition id="-1">
<or_exp><and_exp></and_exp></or_exp>
</condition>

<Node id="9" bw="32" op_0_bw="32" op_1_bw="32">
<![CDATA[
entry:5 %mul = fmul i32 %x_read, i32 8.38861e+06

]]></Node>
<StgValue><ssdm name="mul"/></StgValue>
</operation>
</state>

<state id="2" st_id="2">

<operation id="10" st_id="2" stage="1" lat="2">
<core>FMul_maxdsp</core>
<MemPortIdVec></MemPortIdVec>
<condition id="-1">
<or_exp><and_exp></and_exp></or_exp>
</condition>

<Node id="9" bw="32" op_0_bw="32" op_1_bw="32">
<![CDATA[
entry:5 %mul = fmul i32 %x_read, i32 8.38861e+06

]]></Node>
<StgValue><ssdm name="mul"/></StgValue>
</operation>
</state>

<state id="3" st_id="3">

<operation id="11" st_id="3" stage="3" lat="3">
<core>FAddSub_fulldsp</core>
<MemPortIdVec></MemPortIdVec>
<condition id="-1">
<or_exp><and_exp></and_exp></or_exp>
</condition>

<Node id="10" bw="32" op_0_bw="32" op_1_bw="32">
<![CDATA[
entry:6 %dc = fadd i32 %mul, i32 1.06535e+09

]]></Node>
<StgValue><ssdm name="dc"/></StgValue>
</operation>
</state>

<state id="4" st_id="4">

<operation id="12" st_id="4" stage="2" lat="3">
<core>FAddSub_fulldsp</core>
<MemPortIdVec></MemPortIdVec>
<condition id="-1">
<or_exp><and_exp></and_exp></or_exp>
</condition>

<Node id="10" bw="32" op_0_bw="32" op_1_bw="32">
<![CDATA[
entry:6 %dc = fadd i32 %mul, i32 1.06535e+09

]]></Node>
<StgValue><ssdm name="dc"/></StgValue>
</operation>
</state>

<state id="5" st_id="5">

<operation id="13" st_id="5" stage="1" lat="3">
<core>FAddSub_fulldsp</core>
<MemPortIdVec></MemPortIdVec>
<condition id="-1">
<or_exp><and_exp></and_exp></or_exp>
</condition>

<Node id="10" bw="32" op_0_bw="32" op_1_bw="32">
<![CDATA[
entry:6 %dc = fadd i32 %mul, i32 1.06535e+09

]]></Node>
<StgValue><ssdm name="dc"/></StgValue>
</operation>
</state>

<state id="6" st_id="6">

<operation id="14" st_id="6" stage="1" lat="1">
<core>NULL</core>
<MemPortIdVec></MemPortIdVec>
<condition id="-1">
<or_exp><and_exp></and_exp></or_exp>
</condition>

<Node id="11" bw="32" op_0_bw="32">
<![CDATA[
entry:7 %data_V = bitcast i32 %dc

]]></Node>
<StgValue><ssdm name="data_V"/></StgValue>
</operation>

<operation id="15" st_id="6" stage="1" lat="1">
<core>NULL</core>
<MemPortIdVec></MemPortIdVec>
<condition id="-1">
<or_exp><and_exp></and_exp></or_exp>
</condition>

<Node id="12" bw="1" op_0_bw="1" op_1_bw="32" op_2_bw="32">
<![CDATA[
entry:8 %p_Result_s = bitselect i1 @_ssdm_op_BitSelect.i1.i32.i32, i32 %data_V, i32 31

]]></Node>
<StgValue><ssdm name="p_Result_s"/></StgValue>
</operation>

<operation id="16" st_id="6" stage="1" lat="1">
<core>NULL</core>
<MemPortIdVec></MemPortIdVec>
<condition id="-1">
<or_exp><and_exp></and_exp></or_exp>
</condition>

<Node id="13" bw="8" op_0_bw="8" op_1_bw="32" op_2_bw="32" op_3_bw="32">
<![CDATA[
entry:9 %xs_exp_V = partselect i8 @_ssdm_op_PartSelect.i8.i32.i32.i32, i32 %data_V, i32 23, i32 30

]]></Node>
<StgValue><ssdm name="xs_exp_V"/></StgValue>
</operation>

<operation id="17" st_id="6" stage="1" lat="1">
<core>NULL</core>
<MemPortIdVec></MemPortIdVec>
<condition id="-1">
<or_exp><and_exp></and_exp></or_exp>
</condition>

<Node id="14" bw="23" op_0_bw="32">
<![CDATA[
entry:10 %p_Result_1 = trunc i32 %data_V

]]></Node>
<StgValue><ssdm name="p_Result_1"/></StgValue>
</operation>

<operation id="18" st_id="6" stage="1" lat="1">
<core>NULL</core>
<MemPortIdVec></MemPortIdVec>
<condition id="-1">
<or_exp><and_exp></and_exp></or_exp>
</condition>

<Node id="15" bw="25" op_0_bw="25" op_1_bw="1" op_2_bw="23" op_3_bw="1">
<![CDATA[
entry:11 %mantissa = bitconcatenate i25 @_ssdm_op_BitConcatenate.i25.i1.i23.i1, i1 1, i23 %p_Result_1, i1 0

]]></Node>
<StgValue><ssdm name="mantissa"/></StgValue>
</operation>

<operation id="19" st_id="6" stage="1" lat="1">
<core>NULL</core>
<MemPortIdVec></MemPortIdVec>
<condition id="-1">
<or_exp><and_exp></and_exp></or_exp>
</condition>

<Node id="16" bw="79" op_0_bw="25">
<![CDATA[
entry:12 %zext_ln15 = zext i25 %mantissa

]]></Node>
<StgValue><ssdm name="zext_ln15"/></StgValue>
</operation>

<operation id="20" st_id="6" stage="1" lat="1">
<core>NULL</core>
<MemPortIdVec></MemPortIdVec>
<condition id="-1">
<or_exp><and_exp></and_exp></or_exp>
</condition>

<Node id="17" bw="9" op_0_bw="8">
<![CDATA[
entry:13 %zext_ln346 = zext i8 %xs_exp_V

]]></Node>
<StgValue><ssdm name="zext_ln346"/></StgValue>
</operation>

<operation id="21" st_id="6" stage="1" lat="1">
<core>Adder</core>
<MemPortIdVec></MemPortIdVec>
<condition id="-1">
<or_exp><and_exp></and_exp></or_exp>
</condition>

<Node id="18" bw="9" op_0_bw="9" op_1_bw="9">
<![CDATA[
entry:14 %add_ln346 = add i9 %zext_ln346, i9 385

]]></Node>
<StgValue><ssdm name="add_ln346"/></StgValue>
</operation>

<operation id="22" st_id="6" stage="1" lat="1">
<core>NULL</core>
<MemPortIdVec></MemPortIdVec>
<condition id="-1">
<or_exp><and_exp></and_exp></or_exp>
</condition>

<Node id="19" bw="1" op_0_bw="1" op_1_bw="9" op_2_bw="32">
<![CDATA[
entry:15 %isNeg = bitselect i1 @_ssdm_op_BitSelect.i1.i9.i32, i9 %add_ln346, i32 8

]]></Node>
<StgValue><ssdm name="isNeg"/></StgValue>
</operation>

<operation id="23" st_id="6" stage="1" lat="1">
<core>Adder</core>
<MemPortIdVec></MemPortIdVec>
<condition id="-1">
<or_exp><and_exp></and_exp></or_exp>
</condition>

<Node id="20" bw="8" op_0_bw="8" op_1_bw="8">
<![CDATA[
entry:16 %sub_ln1512 = sub i8 127, i8 %xs_exp_V

]]></Node>
<StgValue><ssdm name="sub_ln1512"/></StgValue>
</operation>

<operation id="24" st_id="6" stage="1" lat="1">
<core>NULL</core>
<MemPortIdVec></MemPortIdVec>
<condition id="-1">
<or_exp><and_exp></and_exp></or_exp>
</condition>

<Node id="21" bw="9" op_0_bw="8">
<![CDATA[
entry:17 %sext_ln1512 = sext i8 %sub_ln1512

]]></Node>
<StgValue><ssdm name="sext_ln1512"/></StgValue>
</operation>

<operation id="25" st_id="6" stage="1" lat="1">
<core>Sel</core>
<MemPortIdVec></MemPortIdVec>
<condition id="-1">
<or_exp><and_exp></and_exp></or_exp>
</condition>

<Node id="22" bw="9" op_0_bw="1" op_1_bw="9" op_2_bw="9">
<![CDATA[
entry:18 %ush = select i1 %isNeg, i9 %sext_ln1512, i9 %add_ln346

]]></Node>
<StgValue><ssdm name="ush"/></StgValue>
</operation>

<operation id="26" st_id="6" stage="1" lat="1">
<core>NULL</core>
<MemPortIdVec></MemPortIdVec>
<condition id="-1">
<or_exp><and_exp></and_exp></or_exp>
</condition>

<Node id="23" bw="32" op_0_bw="9">
<![CDATA[
entry:19 %sext_ln1488 = sext i9 %ush

]]></Node>
<StgValue><ssdm name="sext_ln1488"/></StgValue>
</operation>

<operation id="27" st_id="6" stage="1" lat="1">
<core>NULL</core>
<MemPortIdVec></MemPortIdVec>
<condition id="-1">
<or_exp><and_exp></and_exp></or_exp>
</condition>

<Node id="24" bw="79" op_0_bw="32">
<![CDATA[
entry:20 %zext_ln1488 = zext i32 %sext_ln1488

]]></Node>
<StgValue><ssdm name="zext_ln1488"/></StgValue>
</operation>

<operation id="28" st_id="6" stage="1" lat="1">
<core>Shifter</core>
<MemPortIdVec></MemPortIdVec>
<condition id="-1">
<or_exp><and_exp></and_exp></or_exp>
</condition>

<Node id="25" bw="79" op_0_bw="79" op_1_bw="79">
<![CDATA[
entry:21 %r_V = lshr i79 %zext_ln15, i79 %zext_ln1488

]]></Node>
<StgValue><ssdm name="r_V"/></StgValue>
</operation>

<operation id="29" st_id="6" stage="1" lat="1">
<core>Shifter</core>
<MemPortIdVec></MemPortIdVec>
<condition id="-1">
<or_exp><and_exp></and_exp></or_exp>
</condition>

<Node id="26" bw="79" op_0_bw="79" op_1_bw="79">
<![CDATA[
entry:22 %r_V_1 = shl i79 %zext_ln15, i79 %zext_ln1488

]]></Node>
<StgValue><ssdm name="r_V_1"/></StgValue>
</operation>

<operation id="30" st_id="6" stage="1" lat="1">
<core>NULL</core>
<MemPortIdVec></MemPortIdVec>
<condition id="-1">
<or_exp><and_exp></and_exp></or_exp>
</condition>

<Node id="27" bw="1" op_0_bw="1" op_1_bw="79" op_2_bw="32">
<![CDATA[
entry:23 %tmp = bitselect i1 @_ssdm_op_BitSelect.i1.i79.i32, i79 %r_V, i32 24

]]></Node>
<StgValue><ssdm name="tmp"/></StgValue>
</operation>

<operation id="31" st_id="6" stage="1" lat="1">
<core>NULL</core>
<MemPortIdVec></MemPortIdVec>
<condition id="-1">
<or_exp><and_exp></and_exp></or_exp>
</condition>

<Node id="28" bw="31" op_0_bw="1">
<![CDATA[
entry:24 %zext_ln818 = zext i1 %tmp

]]></Node>
<StgValue><ssdm name="zext_ln818"/></StgValue>
</operation>

<operation id="32" st_id="6" stage="1" lat="1">
<core>NULL</core>
<MemPortIdVec></MemPortIdVec>
<condition id="-1">
<or_exp><and_exp></and_exp></or_exp>
</condition>

<Node id="29" bw="31" op_0_bw="31" op_1_bw="79" op_2_bw="32" op_3_bw="32">
<![CDATA[
entry:25 %tmp_3 = partselect i31 @_ssdm_op_PartSelect.i31.i79.i32.i32, i79 %r_V_1, i32 24, i32 54

]]></Node>
<StgValue><ssdm name="tmp_3"/></StgValue>
</operation>

<operation id="33" st_id="6" stage="1" lat="1">
<core>Sel</core>
<MemPortIdVec></MemPortIdVec>
<condition id="-1">
<or_exp><and_exp></and_exp></or_exp>
</condition>

<Node id="30" bw="31" op_0_bw="1" op_1_bw="31" op_2_bw="31">
<![CDATA[
entry:26 %val = select i1 %isNeg, i31 %zext_ln818, i31 %tmp_3

]]></Node>
<StgValue><ssdm name="val"/></StgValue>
</operation>

<operation id="34" st_id="6" stage="1" lat="1">
<core>Adder</core>
<MemPortIdVec></MemPortIdVec>
<condition id="-1">
<or_exp><and_exp></and_exp></or_exp>
</condition>

<Node id="31" bw="31" op_0_bw="31" op_1_bw="31">
<![CDATA[
entry:27 %result_V_2 = sub i31 0, i31 %val

]]></Node>
<StgValue><ssdm name="result_V_2"/></StgValue>
</operation>

<operation id="35" st_id="6" stage="1" lat="1">
<core>Sel</core>
<MemPortIdVec></MemPortIdVec>
<condition id="-1">
<or_exp><and_exp></and_exp></or_exp>
</condition>

<Node id="32" bw="31" op_0_bw="1" op_1_bw="31" op_2_bw="31">
<![CDATA[
entry:28 %result_V = select i1 %p_Result_s, i31 %result_V_2, i31 %val

]]></Node>
<StgValue><ssdm name="result_V"/></StgValue>
</operation>

<operation id="36" st_id="6" stage="1" lat="1">
<core>NULL</core>
<MemPortIdVec></MemPortIdVec>
<condition id="-1">
<or_exp><and_exp></and_exp></or_exp>
</condition>

<Node id="33" bw="23" op_0_bw="31">
<![CDATA[
entry:29 %zif = trunc i31 %result_V

]]></Node>
<StgValue><ssdm name="zif"/></StgValue>
</operation>

<operation id="37" st_id="6" stage="1" lat="1">
<core>NULL</core>
<MemPortIdVec></MemPortIdVec>
<condition id="-1">
<or_exp><and_exp></and_exp></or_exp>
</condition>

<Node id="34" bw="8" op_0_bw="8" op_1_bw="31" op_2_bw="32" op_3_bw="32">
<![CDATA[
entry:30 %tmp_4 = partselect i8 @_ssdm_op_PartSelect.i8.i31.i32.i32, i31 %result_V, i32 23, i32 30

]]></Node>
<StgValue><ssdm name="tmp_4"/></StgValue>
</operation>

<operation id="38" st_id="6" stage="1" lat="1">
<core>NULL</core>
<MemPortIdVec></MemPortIdVec>
<condition id="-1">
<or_exp><and_exp></and_exp></or_exp>
</condition>

<Node id="36" bw="3" op_0_bw="3" op_1_bw="31" op_2_bw="32" op_3_bw="32">
<![CDATA[
entry:32 %j = partselect i3 @_ssdm_op_PartSelect.i3.i31.i32.i32, i31 %result_V, i32 20, i32 22

]]></Node>
<StgValue><ssdm name="j"/></StgValue>
</operation>

<operation id="39" st_id="6" stage="1" lat="1">
<core>NULL</core>
<MemPortIdVec></MemPortIdVec>
<condition id="-1">
<or_exp><and_exp></and_exp></or_exp>
</condition>

<Node id="38" bw="64" op_0_bw="3">
<![CDATA[
entry:34 %zext_ln13_1 = zext i3 %j

]]></Node>
<StgValue><ssdm name="zext_ln13_1"/></StgValue>
</operation>

<operation id="40" st_id="6" stage="1" lat="1">
<core>NULL</core>
<MemPortIdVec></MemPortIdVec>
<condition id="-1">
<or_exp><and_exp></and_exp></or_exp>
</condition>

<Node id="39" bw="3" op_0_bw="24" op_1_bw="64" op_2_bw="64">
<![CDATA[
entry:35 %alpha_addr = getelementptr i24 %alpha, i64 0, i64 %zext_ln13_1

]]></Node>
<StgValue><ssdm name="alpha_addr"/></StgValue>
</operation>

<operation id="41" st_id="6" stage="2" lat="2">
<core>ROM</core>
<MemPortIdVec></MemPortIdVec>
<condition id="-1">
<or_exp><and_exp></and_exp></or_exp>
</condition>

<Node id="40" bw="24" op_0_bw="3">
<![CDATA[
entry:36 %alpha_load = load i3 %alpha_addr

]]></Node>
<StgValue><ssdm name="alpha_load"/></StgValue>
</operation>

<operation id="42" st_id="6" stage="1" lat="1">
<core>NULL</core>
<MemPortIdVec></MemPortIdVec>
<condition id="-1">
<or_exp><and_exp></and_exp></or_exp>
</condition>

<Node id="45" bw="3" op_0_bw="23" op_1_bw="64" op_2_bw="64">
<![CDATA[
entry:41 %beta_addr = getelementptr i23 %beta, i64 0, i64 %zext_ln13_1

]]></Node>
<StgValue><ssdm name="beta_addr"/></StgValue>
</operation>

<operation id="43" st_id="6" stage="2" lat="2">
<core>ROM</core>
<MemPortIdVec></MemPortIdVec>
<condition id="-1">
<or_exp><and_exp></and_exp></or_exp>
</condition>

<Node id="46" bw="23" op_0_bw="3">
<![CDATA[
entry:42 %beta_load = load i3 %beta_addr

]]></Node>
<StgValue><ssdm name="beta_load"/></StgValue>
</operation>
</state>

<state id="7" st_id="7">

<operation id="44" st_id="7" stage="1" lat="1">
<core>NULL</core>
<MemPortIdVec></MemPortIdVec>
<condition id="-1">
<or_exp><and_exp></and_exp></or_exp>
</condition>

<Node id="4" bw="0" op_0_bw="0" op_1_bw="32">
<![CDATA[
entry:0 %specbitsmap_ln0 = specbitsmap void @_ssdm_op_SpecBitsMap, i32 0

]]></Node>
<StgValue><ssdm name="specbitsmap_ln0"/></StgValue>
</operation>

<operation id="45" st_id="7" stage="1" lat="1">
<core>NULL</core>
<MemPortIdVec></MemPortIdVec>
<condition id="-1">
<or_exp><and_exp></and_exp></or_exp>
</condition>

<Node id="5" bw="0" op_0_bw="0" op_1_bw="0">
<![CDATA[
entry:1 %spectopmodule_ln5 = spectopmodule void @_ssdm_op_SpecTopModule, void @empty_1

]]></Node>
<StgValue><ssdm name="spectopmodule_ln5"/></StgValue>
</operation>

<operation id="46" st_id="7" stage="1" lat="1">
<core>NULL</core>
<MemPortIdVec></MemPortIdVec>
<condition id="-1">
<or_exp><and_exp></and_exp></or_exp>
</condition>

<Node id="6" bw="0" op_0_bw="0" op_1_bw="32">
<![CDATA[
entry:2 %specbitsmap_ln0 = specbitsmap void @_ssdm_op_SpecBitsMap, i32 %x

]]></Node>
<StgValue><ssdm name="specbitsmap_ln0"/></StgValue>
</operation>

<operation id="47" st_id="7" stage="1" lat="1">
<core>NULL</core>
<MemPortIdVec></MemPortIdVec>
<condition id="-1">
<or_exp><and_exp></and_exp></or_exp>
</condition>

<Node id="7" bw="0" op_0_bw="0" op_1_bw="32" op_2_bw="0" op_3_bw="32" op_4_bw="32" op_5_bw="0" op_6_bw="32" op_7_bw="32" op_8_bw="0" op_9_bw="0" op_10_bw="0" op_11_bw="32" op_12_bw="32" op_13_bw="32" op_14_bw="32" op_15_bw="0" op_16_bw="0" op_17_bw="32" op_18_bw="32">
<![CDATA[
entry:3 %specinterface_ln0 = specinterface void @_ssdm_op_SpecInterface, i32 %x, void @empty, i32 0, i32 0, void @empty_0, i32 0, i32 0, void @empty_0, void @empty_0, void @empty_0, i32 0, i32 0, i32 0, i32 0, void @empty_0, void @empty_0, i32 4294967295, i32 0

]]></Node>
<StgValue><ssdm name="specinterface_ln0"/></StgValue>
</operation>

<operation id="48" st_id="7" stage="1" lat="1">
<core>NULL</core>
<MemPortIdVec></MemPortIdVec>
<condition id="-1">
<or_exp><and_exp></and_exp></or_exp>
</condition>

<Node id="35" bw="31" op_0_bw="31" op_1_bw="8" op_2_bw="23">
<![CDATA[
entry:31 %zii = bitconcatenate i31 @_ssdm_op_BitConcatenate.i31.i8.i23, i8 %tmp_4, i23 0

]]></Node>
<StgValue><ssdm name="zii"/></StgValue>
</operation>

<operation id="49" st_id="7" stage="1" lat="1">
<core>NULL</core>
<MemPortIdVec></MemPortIdVec>
<condition id="-1">
<or_exp><and_exp></and_exp></or_exp>
</condition>

<Node id="37" bw="47" op_0_bw="23">
<![CDATA[
entry:33 %zext_ln13 = zext i23 %zif

]]></Node>
<StgValue><ssdm name="zext_ln13"/></StgValue>
</operation>

<operation id="50" st_id="7" stage="1" lat="2">
<core>ROM</core>
<MemPortIdVec></MemPortIdVec>
<condition id="-1">
<or_exp><and_exp></and_exp></or_exp>
</condition>

<Node id="40" bw="24" op_0_bw="3">
<![CDATA[
entry:36 %alpha_load = load i3 %alpha_addr

]]></Node>
<StgValue><ssdm name="alpha_load"/></StgValue>
</operation>

<operation id="51" st_id="7" stage="1" lat="1">
<core>NULL</core>
<MemPortIdVec></MemPortIdVec>
<condition id="-1">
<or_exp><and_exp></and_exp></or_exp>
</condition>

<Node id="41" bw="47" op_0_bw="24">
<![CDATA[
entry:37 %zext_ln13_2 = zext i24 %alpha_load

]]></Node>
<StgValue><ssdm name="zext_ln13_2"/></StgValue>
</operation>

<operation id="52" st_id="7" stage="1" lat="1">
<core>Multiplier</core>
<MemPortIdVec></MemPortIdVec>
<condition id="-1">
<or_exp><and_exp></and_exp></or_exp>
</condition>

<Node id="42" bw="47" op_0_bw="47" op_1_bw="47">
<![CDATA[
entry:38 %mul_ln13 = mul i47 %zext_ln13, i47 %zext_ln13_2

]]></Node>
<StgValue><ssdm name="mul_ln13"/></StgValue>
</operation>

<operation id="53" st_id="7" stage="1" lat="1">
<core>NULL</core>
<MemPortIdVec></MemPortIdVec>
<condition id="-1">
<or_exp><and_exp></and_exp></or_exp>
</condition>

<Node id="43" bw="24" op_0_bw="24" op_1_bw="47" op_2_bw="32" op_3_bw="32">
<![CDATA[
entry:39 %tmp_5 = partselect i24 @_ssdm_op_PartSelect.i24.i47.i32.i32, i47 %mul_ln13, i32 23, i32 46

]]></Node>
<StgValue><ssdm name="tmp_5"/></StgValue>
</operation>

<operation id="54" st_id="7" stage="1" lat="1">
<core>NULL</core>
<MemPortIdVec></MemPortIdVec>
<condition id="-1">
<or_exp><and_exp></and_exp></or_exp>
</condition>

<Node id="44" bw="25" op_0_bw="24">
<![CDATA[
entry:40 %zext_ln13_3 = zext i24 %tmp_5

]]></Node>
<StgValue><ssdm name="zext_ln13_3"/></StgValue>
</operation>

<operation id="55" st_id="7" stage="1" lat="2">
<core>ROM</core>
<MemPortIdVec></MemPortIdVec>
<condition id="-1">
<or_exp><and_exp></and_exp></or_exp>
</condition>

<Node id="46" bw="23" op_0_bw="3">
<![CDATA[
entry:42 %beta_load = load i3 %beta_addr

]]></Node>
<StgValue><ssdm name="beta_load"/></StgValue>
</operation>

<operation id="56" st_id="7" stage="1" lat="1">
<core>NULL</core>
<MemPortIdVec></MemPortIdVec>
<condition id="-1">
<or_exp><and_exp></and_exp></or_exp>
</condition>

<Node id="47" bw="25" op_0_bw="23">
<![CDATA[
entry:43 %sext_ln13 = sext i23 %beta_load

]]></Node>
<StgValue><ssdm name="sext_ln13"/></StgValue>
</operation>

<operation id="57" st_id="7" stage="1" lat="1">
<core>Adder</core>
<MemPortIdVec></MemPortIdVec>
<condition id="-1">
<or_exp><and_exp></and_exp></or_exp>
</condition>

<Node id="48" bw="25" op_0_bw="25" op_1_bw="25">
<![CDATA[
entry:44 %zif_1 = add i25 %sext_ln13, i25 %zext_ln13_3

]]></Node>
<StgValue><ssdm name="zif_1"/></StgValue>
</operation>

<operation id="58" st_id="7" stage="1" lat="1">
<core>NULL</core>
<MemPortIdVec></MemPortIdVec>
<condition id="-1">
<or_exp><and_exp></and_exp></or_exp>
</condition>

<Node id="49" bw="31" op_0_bw="25">
<![CDATA[
entry:45 %sext_ln14 = sext i25 %zif_1

]]></Node>
<StgValue><ssdm name="sext_ln14"/></StgValue>
</operation>

<operation id="59" st_id="7" stage="1" lat="1">
<core>LogicGate</core>
<MemPortIdVec></MemPortIdVec>
<condition id="-1">
<or_exp><and_exp></and_exp></or_exp>
</condition>

<Node id="50" bw="31" op_0_bw="31" op_1_bw="31">
<![CDATA[
entry:46 %or_ln14 = or i31 %sext_ln14, i31 %zii

]]></Node>
<StgValue><ssdm name="or_ln14"/></StgValue>
</operation>

<operation id="60" st_id="7" stage="1" lat="1">
<core>NULL</core>
<MemPortIdVec></MemPortIdVec>
<condition id="-1">
<or_exp><and_exp></and_exp></or_exp>
</condition>

<Node id="51" bw="1" op_0_bw="1" op_1_bw="25" op_2_bw="32">
<![CDATA[
entry:47 %tmp_1 = bitselect i1 @_ssdm_op_BitSelect.i1.i25.i32, i25 %zif_1, i32 24

]]></Node>
<StgValue><ssdm name="tmp_1"/></StgValue>
</operation>

<operation id="61" st_id="7" stage="1" lat="1">
<core>NULL</core>
<MemPortIdVec></MemPortIdVec>
<condition id="-1">
<or_exp><and_exp></and_exp></or_exp>
</condition>

<Node id="52" bw="32" op_0_bw="32" op_1_bw="1" op_2_bw="31">
<![CDATA[
entry:48 %zii_1 = bitconcatenate i32 @_ssdm_op_BitConcatenate.i32.i1.i31, i1 %tmp_1, i31 %or_ln14

]]></Node>
<StgValue><ssdm name="zii_1"/></StgValue>
</operation>

<operation id="62" st_id="7" stage="1" lat="1">
<core>NULL</core>
<MemPortIdVec></MemPortIdVec>
<condition id="-1">
<or_exp><and_exp></and_exp></or_exp>
</condition>

<Node id="53" bw="32" op_0_bw="32">
<![CDATA[
entry:49 %y = bitcast i32 %zii_1

]]></Node>
<StgValue><ssdm name="y"/></StgValue>
</operation>

<operation id="63" st_id="7" stage="1" lat="1">
<core>NULL</core>
<MemPortIdVec></MemPortIdVec>
<condition id="-1">
<or_exp><and_exp></and_exp></or_exp>
</condition>

<Node id="54" bw="0" op_0_bw="32">
<![CDATA[
entry:50 %ret_ln16 = ret i32 %y

]]></Node>
<StgValue><ssdm name="ret_ln16"/></StgValue>
</operation>
</state>
</state_list>


<ports>
</ports>


<dataflows>
</dataflows>


</stg>
