<pragmas>
<pragma file="/wrk/ci/prod/2022.1/rdi_builds/continuous/2022_04_18_3526262/src/shared/hls/clib/include/header_files/ap_int_base.h" line="214" pragmaType="inline" parentfunction="ap_int_base<32, true>::ap_int_base(int)" off="0" region="0" recursive="0"/>
<pragma file="/wrk/ci/prod/2022.1/rdi_builds/continuous/2022_04_18_3526262/src/shared/hls/clib/include/header_files/ap_fixed_base.h" line="0" pragmaType="inline" parentfunction="report" off="0" region="0" recursive="0"/>
<pragma file="/wrk/ci/prod/2022.1/rdi_builds/continuous/2022_04_18_3526262/src/shared/hls/clib/include/header_files/ap_fixed.h" line="199" pragmaType="inline" parentfunction="ap_ufixed<79, 55, (ap_q_mode)5, (ap_o_mode)3, 0>::ap_ufixed<24, 1, false, (ap_q_mode)5, (ap_o_mode)3, 0>(ap_fixed_base<24, 1, false, (ap_q_mode)5, (ap_o_mode)3, 0> const&)" off="0" region="0" recursive="0"/>
<pragma file="/wrk/ci/prod/2022.1/rdi_builds/continuous/2022_04_18_3526262/src/shared/hls/clib/include/header_files/ap_fixed_base.h" line="1509" pragmaType="inline" parentfunction="ap_fixed_base<79, 55, false, (ap_q_mode)5, (ap_o_mode)3, 0>::operator<<(int) const" off="0" region="0" recursive="0"/>
<pragma file="/wrk/ci/prod/2022.1/rdi_builds/continuous/2022_04_18_3526262/src/shared/hls/clib/include/header_files/ap_int_base.h" line="1788" pragmaType="inline" parentfunction="bool operator!=<23, false>(int, ap_int_base<23, false> const&)" off="0" region="0" recursive="0"/>
<pragma file="/wrk/ci/prod/2022.1/rdi_builds/continuous/2022_04_18_3526262/src/shared/hls/clib/include/header_files/ap_fixed.h" line="199" pragmaType="inline" parentfunction="ap_ufixed<79, 55, (ap_q_mode)5, (ap_o_mode)3, 0>::ap_ufixed<79, 55, false, (ap_q_mode)5, (ap_o_mode)3, 0>(ap_fixed_base<79, 55, false, (ap_q_mode)5, (ap_o_mode)3, 0> const&)" off="0" region="0" recursive="0"/>
<pragma file="/wrk/ci/prod/2022.1/rdi_builds/continuous/2022_04_18_3526262/src/shared/hls/clib/include/header_files/ap_fixed.h" line="199" pragmaType="inline" parentfunction="ap_ufixed<1, 32, (ap_q_mode)5, (ap_o_mode)0, 0>::ap_ufixed<79, 55, false, (ap_q_mode)5, (ap_o_mode)3, 0>(ap_fixed_base<79, 55, false, (ap_q_mode)5, (ap_o_mode)3, 0> const&)" off="0" region="0" recursive="0"/>
<pragma file="/wrk/ci/prod/2022.1/rdi_builds/continuous/2022_04_18_3526262/src/shared/hls/clib/include/header_files/ap_fixed.h" line="199" pragmaType="inline" parentfunction="ap_ufixed<32, 32, (ap_q_mode)6, (ap_o_mode)3, 0>::ap_ufixed<79, 55, false, (ap_q_mode)5, (ap_o_mode)3, 0>(ap_fixed_base<79, 55, false, (ap_q_mode)5, (ap_o_mode)3, 0> const&)" off="0" region="0" recursive="0"/>
<pragma file="/wrk/ci/prod/2022.1/rdi_builds/continuous/2022_04_18_3526262/src/shared/hls/clib/include/header_files/ap_fixed_base.h" line="2376" pragmaType="inline" parentfunction="bool operator!=<1, 32, false, (ap_q_mode)5, (ap_o_mode)0, 0>(ap_fixed_base<1, 32, false, (ap_q_mode)5, (ap_o_mode)0, 0> const&, int)" off="0" region="0" recursive="0"/>
<pragma file="/wrk/ci/prod/2022.1/rdi_builds/continuous/2022_04_18_3526262/src/shared/hls/clib/include/header_files/ap_int.h" line="133" pragmaType="inline" parentfunction="ap_int<32>::ap_int(int)" off="0" region="0" recursive="0"/>
<pragma file="/wrk/ci/prod/2022.1/rdi_builds/continuous/2022_04_18_3526262/src/shared/hls/clib/include/header_files/ap_int_base.h" line="1126" pragmaType="inline" parentfunction="ap_int_base<32, true>::operator[](int)" off="0" region="0" recursive="0"/>
<pragma file="/wrk/ci/prod/2022.1/rdi_builds/continuous/2022_04_18_3526262/src/shared/hls/clib/include/header_files/ap_fixed_base.h" line="2376" pragmaType="inline" parentfunction="bool operator==<1, 32, false, (ap_q_mode)5, (ap_o_mode)0, 0>(int, ap_fixed_base<1, 32, false, (ap_q_mode)5, (ap_o_mode)0, 0> const&)" off="0" region="0" recursive="0"/>
<pragma file="/wrk/ci/prod/2022.1/rdi_builds/continuous/2022_04_18_3526262/src/shared/hls/clib/include/header_files/ap_int_base.h" line="1788" pragmaType="inline" parentfunction="bool operator==<8, false>(ap_int_base<8, false> const&, int)" off="0" region="0" recursive="0"/>
<pragma file="/wrk/ci/prod/2022.1/rdi_builds/continuous/2022_04_18_3526262/src/shared/hls/clib/include/header_files/ap_fixed.h" line="27" pragmaType="inline" parentfunction="ap_fixed<32, 32, (ap_q_mode)5, (ap_o_mode)3, 0>::ap_fixed<32, 32, false, (ap_q_mode)6, (ap_o_mode)3, 0>(ap_fixed_base<32, 32, false, (ap_q_mode)6, (ap_o_mode)3, 0> const&)" off="0" region="0" recursive="0"/>
<pragma file="/wrk/ci/prod/2022.1/rdi_builds/continuous/2022_04_18_3526262/src/shared/hls/clib/include/header_files/ap_fixed_base.h" line="1406" pragmaType="inline" parentfunction="ap_fixed_base<32, 32, false, (ap_q_mode)6, (ap_o_mode)3, 0>::operator-() const" off="0" region="0" recursive="0"/>
<pragma file="/wrk/ci/prod/2022.1/rdi_builds/continuous/2022_04_18_3526262/src/shared/hls/clib/include/header_files/ap_int_base.h" line="541" pragmaType="inline" parentfunction="ap_int_base<32, true>::operator long long() const" off="0" region="0" recursive="0"/>
<pragma file="/wrk/ci/prod/2022.1/rdi_builds/continuous/2022_04_18_3526262/src/shared/hls/clib/include/header_files/ap_fixed.h" line="27" pragmaType="inline" parentfunction="ap_fixed<32, 32, (ap_q_mode)5, (ap_o_mode)3, 0>::ap_fixed<33, 33, true, (ap_q_mode)5, (ap_o_mode)3, 0>(ap_fixed_base<33, 33, true, (ap_q_mode)5, (ap_o_mode)3, 0> const&)" off="0" region="0" recursive="0"/>
<pragma file="/wrk/ci/prod/2022.1/rdi_builds/continuous/2022_04_18_3526262/src/shared/hls/clib/include/header_files/ap_fixed_base.h" line="1197" pragmaType="inline" parentfunction="ap_fixed_base<32, 32, true, (ap_q_mode)5, (ap_o_mode)3, 0>::operator int() const" off="0" region="0" recursive="0"/>
<pragma file="/wrk/ci/prod/2022.1/rdi_builds/continuous/2022_04_18_3526262/src/shared/hls/clib/include/header_files/ap_fixed_base.h" line="1022" pragmaType="inline" parentfunction="to_int" off="0" region="0" recursive="0"/>
<pragma file="/wrk/ci/prod/2022.1/rdi_builds/continuous/2022_04_18_3526262/src/shared/hls/clib/include/header_files/ap_fixed_base.h" line="981" pragmaType="inline" parentfunction="to_ap_int_base" off="0" region="0" recursive="0"/>
<pragma file="/wrk/ci/prod/2022.1/rdi_builds/continuous/2022_04_18_3526262/src/shared/hls/clib/include/header_files/ap_int_base.h" line="552" pragmaType="inline" parentfunction="to_int" off="0" region="0" recursive="0"/>
<pragma file="/wrk/ci/prod/2022.1/rdi_builds/continuous/2022_04_18_3526262/src/shared/hls/clib/include/header_files/ap_int_base.h" line="1633" pragmaType="inline" parentfunction="ap_int_base<32, true>::RType<($_0)32, true>::plus operator+<32, true>(ap_int_base<32, true> const&, int)" off="0" region="0" recursive="0"/>
<pragma file="/wrk/ci/prod/2022.1/rdi_builds/continuous/2022_04_18_3526262/src/shared/hls/clib/include/header_files/ap_int_base.h" line="1495" pragmaType="inline" parentfunction="ap_int_base<32, true>::RType<32, true>::plus operator+<32, true, 32, true>(ap_int_base<32, true> const&, ap_int_base<32, true> const&)" off="0" region="0" recursive="0"/>
<pragma file="/wrk/ci/prod/2022.1/rdi_builds/continuous/2022_04_18_3526262/src/shared/hls/clib/include/header_files/ap_int_base.h" line="185" pragmaType="inline" parentfunction="ap_int_base<33, true>::ap_int_base<32, true>(ap_int_base<32, true> const&)" off="0" region="0" recursive="0"/>
<pragma file="/wrk/ci/prod/2022.1/rdi_builds/continuous/2022_04_18_3526262/src/shared/hls/clib/include/header_files/ap_int_base.h" line="214" pragmaType="inline" parentfunction="ap_int_base<33, true>::ap_int_base(int)" off="0" region="0" recursive="0"/>
<pragma file="/wrk/ci/prod/2022.1/rdi_builds/continuous/2022_04_18_3526262/src/shared/hls/clib/include/header_files/ap_int.h" line="99" pragmaType="inline" parentfunction="ap_int<33>::ap_int<33, true>(ap_int_base<33, true> const&)" off="0" region="0" recursive="0"/>
<pragma file="/wrk/ci/prod/2022.1/rdi_builds/continuous/2022_04_18_3526262/src/shared/hls/clib/include/header_files/ap_common.h" line="513" pragmaType="inline" parentfunction="_ZN8ssdm_intILi33ELb1EEC2EDq33_i" off="0" region="0" recursive="0"/>
<pragma file="/wrk/ci/prod/2022.1/rdi_builds/continuous/2022_04_18_3526262/src/shared/hls/clib/include/header_files/ap_common.h" line="513" pragmaType="inline" parentfunction="ssdm_int<32, true>::ssdm_int(int)" off="0" region="0" recursive="0"/>
<pragma file="/wrk/ci/prod/2022.1/rdi_builds/continuous/2022_04_18_3526262/src/shared/hls/clib/include/header_files/ap_fixed_base.h" line="400" pragmaType="inline" parentfunction="ap_fixed_base<32, 32, true, (ap_q_mode)5, (ap_o_mode)3, 0>::ap_fixed_base<33, 33, true, (ap_q_mode)5, (ap_o_mode)3, 0>(ap_fixed_base<33, 33, true, (ap_q_mode)5, (ap_o_mode)3, 0> const&)" off="0" region="0" recursive="0"/>
<pragma file="/wrk/ci/prod/2022.1/rdi_builds/continuous/2022_04_18_3526262/src/shared/hls/clib/include/header_files/ap_fixed_base.h" line="0" pragmaType="inline" parentfunction="ap_fixed_base<33, 33, true, (ap_q_mode)5, (ap_o_mode)3, 0>& ap_fixed_base<33, 33, true, (ap_q_mode)5, (ap_o_mode)3, 0>::operator=<32, 32, false, (ap_q_mode)6, (ap_o_mode)3, 0>(ap_fixed_base<32, 32, false, (ap_q_mode)6, (ap_o_mode)3, 0> const&)" off="0" region="0" recursive="0"/>
<pragma file="/wrk/ci/prod/2022.1/rdi_builds/continuous/2022_04_18_3526262/src/shared/hls/clib/include/header_files/ap_fixed_base.h" line="1420" pragmaType="inline" parentfunction="ap_fixed_base<33, 33, true, (ap_q_mode)5, (ap_o_mode)3, 0>::operator!() const" off="0" region="0" recursive="0"/>
<pragma file="/wrk/ci/prod/2022.1/rdi_builds/continuous/2022_04_18_3526262/src/shared/hls/clib/include/header_files/ap_fixed_base.h" line="400" pragmaType="inline" parentfunction="ap_fixed_base<33, 33, true, (ap_q_mode)5, (ap_o_mode)3, 0>::ap_fixed_base<32, 32, false, (ap_q_mode)6, (ap_o_mode)3, 0>(ap_fixed_base<32, 32, false, (ap_q_mode)6, (ap_o_mode)3, 0> const&)" off="0" region="0" recursive="0"/>
<pragma file="/wrk/ci/prod/2022.1/rdi_builds/continuous/2022_04_18_3526262/src/shared/hls/clib/include/header_files/ap_fixed.h" line="27" pragmaType="inline" parentfunction="ap_fixed<33, 33, (ap_q_mode)5, (ap_o_mode)3, 0>::ap_fixed<33, 33, true, (ap_q_mode)5, (ap_o_mode)3, 0>(ap_fixed_base<33, 33, true, (ap_q_mode)5, (ap_o_mode)3, 0> const&)" off="0" region="0" recursive="0"/>
<pragma file="/wrk/ci/prod/2022.1/rdi_builds/continuous/2022_04_18_3526262/src/shared/hls/clib/include/header_files/ap_fixed_base.h" line="0" pragmaType="inline" parentfunction="ap_fixed_base<32, 32, true, (ap_q_mode)5, (ap_o_mode)3, 0>& ap_fixed_base<32, 32, true, (ap_q_mode)5, (ap_o_mode)3, 0>::operator=<32, 32, false, (ap_q_mode)6, (ap_o_mode)3, 0>(ap_fixed_base<32, 32, false, (ap_q_mode)6, (ap_o_mode)3, 0> const&)" off="0" region="0" recursive="0"/>
<pragma file="/wrk/ci/prod/2022.1/rdi_builds/continuous/2022_04_18_3526262/src/shared/hls/clib/include/header_files/ap_fixed_base.h" line="1420" pragmaType="inline" parentfunction="ap_fixed_base<32, 32, false, (ap_q_mode)6, (ap_o_mode)3, 0>::operator!() const" off="0" region="0" recursive="0"/>
<pragma file="/wrk/ci/prod/2022.1/rdi_builds/continuous/2022_04_18_3526262/src/shared/hls/clib/include/header_files/ap_fixed_base.h" line="400" pragmaType="inline" parentfunction="ap_fixed_base<32, 32, true, (ap_q_mode)5, (ap_o_mode)3, 0>::ap_fixed_base<32, 32, false, (ap_q_mode)6, (ap_o_mode)3, 0>(ap_fixed_base<32, 32, false, (ap_q_mode)6, (ap_o_mode)3, 0> const&)" off="0" region="0" recursive="0"/>
<pragma file="/wrk/ci/prod/2022.1/rdi_builds/continuous/2022_04_18_3526262/src/shared/hls/clib/include/header_files/ap_int_base.h" line="552" pragmaType="inline" parentfunction="to_int" off="0" region="0" recursive="0"/>
<pragma file="/wrk/ci/prod/2022.1/rdi_builds/continuous/2022_04_18_3526262/src/shared/hls/clib/include/header_files/ap_int_base.h" line="1018" pragmaType="inline" parentfunction="bool ap_int_base<8, false>::operator==<32, true>(ap_int_base<32, true> const&) const" off="0" region="0" recursive="0"/>
<pragma file="/wrk/ci/prod/2022.1/rdi_builds/continuous/2022_04_18_3526262/src/shared/hls/clib/include/header_files/ap_int_base.h" line="1022" pragmaType="inline" parentfunction="bool ap_int_base<32, true>::operator!=<23, false>(ap_int_base<23, false> const&) const" off="0" region="0" recursive="0"/>
<pragma file="/wrk/ci/prod/2022.1/rdi_builds/continuous/2022_04_18_3526262/src/shared/hls/clib/include/header_files/ap_fixed_base.h" line="530" pragmaType="inline" parentfunction="ap_fixed_base<32, 32, true, (ap_q_mode)5, (ap_o_mode)3, 0>::ap_fixed_base(int)" off="0" region="0" recursive="0"/>
<pragma file="/wrk/ci/prod/2022.1/rdi_builds/continuous/2022_04_18_3526262/src/shared/hls/clib/include/header_files/ap_fixed_base.h" line="1653" pragmaType="inline" parentfunction="bool ap_fixed_base<32, 32, true, (ap_q_mode)5, (ap_o_mode)3, 0>::operator==<1, 32, false, (ap_q_mode)5, (ap_o_mode)0, 0>(ap_fixed_base<1, 32, false, (ap_q_mode)5, (ap_o_mode)0, 0> const&) const" off="0" region="0" recursive="0"/>
<pragma file="/wrk/ci/prod/2022.1/rdi_builds/continuous/2022_04_18_3526262/src/shared/hls/clib/include/header_files/ap_fixed_base.h" line="400" pragmaType="inline" parentfunction="ap_fixed_base<32, 32, false, (ap_q_mode)5, (ap_o_mode)0, 0>::ap_fixed_base<1, 32, false, (ap_q_mode)5, (ap_o_mode)0, 0>(ap_fixed_base<1, 32, false, (ap_q_mode)5, (ap_o_mode)0, 0> const&)" off="0" region="0" recursive="0"/>
<pragma file="/wrk/ci/prod/2022.1/rdi_builds/continuous/2022_04_18_3526262/src/shared/hls/clib/include/header_files/ap_common.h" line="521" pragmaType="inline" parentfunction="ssdm_int<32, false>::ssdm_int(unsigned int)" off="0" region="0" recursive="0"/>
<pragma file="/wrk/ci/prod/2022.1/rdi_builds/continuous/2022_04_18_3526262/src/shared/hls/clib/include/header_files/ap_fixed_base.h" line="1420" pragmaType="inline" parentfunction="ap_fixed_base<1, 32, false, (ap_q_mode)5, (ap_o_mode)0, 0>::operator!() const" off="0" region="0" recursive="0"/>
<pragma file="/wrk/ci/prod/2022.1/rdi_builds/continuous/2022_04_18_3526262/src/shared/hls/clib/include/header_files/ap_int_base.h" line="0" pragmaType="inline" parentfunction="checkOverflowBaseC" off="0" region="0" recursive="0"/>
<pragma file="/wrk/ci/prod/2022.1/rdi_builds/continuous/2022_04_18_3526262/src/shared/hls/clib/include/header_files/ap_fixed_base.h" line="395" pragmaType="inline" parentfunction="ap_fixed_base<32, 32, true, (ap_q_mode)5, (ap_o_mode)3, 0>::ap_fixed_base()" off="0" region="0" recursive="0"/>
<pragma file="/wrk/ci/prod/2022.1/rdi_builds/continuous/2022_04_18_3526262/src/shared/hls/clib/include/header_files/ap_int_ref.h" line="774" pragmaType="inline" parentfunction="ap_bit_ref<32, true>::ap_bit_ref(ap_int_base<32, true>*, int)" off="0" region="0" recursive="0"/>
<pragma file="/wrk/ci/prod/2022.1/rdi_builds/continuous/2022_04_18_3526262/src/shared/hls/clib/include/header_files/ap_fixed_base.h" line="1654" pragmaType="inline" parentfunction="bool ap_fixed_base<1, 32, false, (ap_q_mode)5, (ap_o_mode)0, 0>::operator!=<32, 32, true, (ap_q_mode)5, (ap_o_mode)3, 0>(ap_fixed_base<32, 32, true, (ap_q_mode)5, (ap_o_mode)3, 0> const&) const" off="0" region="0" recursive="0"/>
<pragma file="/wrk/ci/prod/2022.1/rdi_builds/continuous/2022_04_18_3526262/src/shared/hls/clib/include/header_files/ap_fixed_base.h" line="400" pragmaType="inline" parentfunction="ap_fixed_base<33, 33, false, (ap_q_mode)5, (ap_o_mode)0, 0>::ap_fixed_base<1, 32, false, (ap_q_mode)5, (ap_o_mode)0, 0>(ap_fixed_base<1, 32, false, (ap_q_mode)5, (ap_o_mode)0, 0> const&)" off="0" region="0" recursive="0"/>
<pragma file="/wrk/ci/prod/2022.1/rdi_builds/continuous/2022_04_18_3526262/src/shared/hls/clib/include/header_files/ap_common.h" line="521" pragmaType="inline" parentfunction="_ZN8ssdm_intILi33ELb0EEC2EDq33_j" off="0" region="0" recursive="0"/>
<pragma file="/wrk/ci/prod/2022.1/rdi_builds/continuous/2022_04_18_3526262/src/shared/hls/clib/include/header_files/ap_fixed_base.h" line="400" pragmaType="inline" parentfunction="ap_fixed_base<32, 32, false, (ap_q_mode)6, (ap_o_mode)3, 0>::ap_fixed_base<79, 55, false, (ap_q_mode)5, (ap_o_mode)3, 0>(ap_fixed_base<79, 55, false, (ap_q_mode)5, (ap_o_mode)3, 0> const&)" off="0" region="0" recursive="0"/>
<pragma file="/wrk/ci/prod/2022.1/rdi_builds/continuous/2022_04_18_3526262/src/shared/hls/clib/include/header_files/ap_fixed_base.h" line="1420" pragmaType="inline" parentfunction="ap_fixed_base<79, 55, false, (ap_q_mode)5, (ap_o_mode)3, 0>::operator!() const" off="0" region="0" recursive="0"/>
<pragma file="/wrk/ci/prod/2022.1/rdi_builds/continuous/2022_04_18_3526262/src/shared/hls/clib/include/header_files/ap_fixed_base.h" line="400" pragmaType="inline" parentfunction="ap_fixed_base<1, 32, false, (ap_q_mode)5, (ap_o_mode)0, 0>::ap_fixed_base<79, 55, false, (ap_q_mode)5, (ap_o_mode)3, 0>(ap_fixed_base<79, 55, false, (ap_q_mode)5, (ap_o_mode)3, 0> const&)" off="0" region="0" recursive="0"/>
<pragma file="/wrk/ci/prod/2022.1/rdi_builds/continuous/2022_04_18_3526262/src/shared/hls/clib/include/header_files/ap_common.h" line="521" pragmaType="inline" parentfunction="_ZN8ssdm_intILi1ELb0EEC2EDq1_j" off="0" region="0" recursive="0"/>
<pragma file="/wrk/ci/prod/2022.1/rdi_builds/continuous/2022_04_18_3526262/src/shared/hls/clib/include/header_files/ap_fixed_base.h" line="0" pragmaType="inline" parentfunction="overflow_adjust" off="0" region="0" recursive="0"/>
<pragma file="/wrk/ci/prod/2022.1/rdi_builds/continuous/2022_04_18_3526262/src/shared/hls/clib/include/header_files/ap_int_base.h" line="214" pragmaType="inline" parentfunction="ap_int_base<79, false>::ap_int_base(int)" off="0" region="0" recursive="0"/>
<pragma file="/wrk/ci/prod/2022.1/rdi_builds/continuous/2022_04_18_3526262/src/shared/hls/clib/include/header_files/ap_int_base.h" line="1669" pragmaType="inline" parentfunction="ap_int_base<79, false>::RType<79, false>::arg1 operator>><79, false>(ap_int_base<79, false> const&, int)" off="0" region="0" recursive="0"/>
<pragma file="/wrk/ci/prod/2022.1/rdi_builds/continuous/2022_04_18_3526262/src/shared/hls/clib/include/header_files/ap_int_base.h" line="1018" pragmaType="inline" parentfunction="bool ap_int_base<79, false>::operator==<79, false>(ap_int_base<79, false> const&) const" off="0" region="0" recursive="0"/>
<pragma file="/wrk/ci/prod/2022.1/rdi_builds/continuous/2022_04_18_3526262/src/shared/hls/clib/include/header_files/ap_int_base.h" line="214" pragmaType="inline" parentfunction="ap_int_base<1, false>::ap_int_base(int)" off="0" region="0" recursive="0"/>
<pragma file="/wrk/ci/prod/2022.1/rdi_builds/continuous/2022_04_18_3526262/src/shared/hls/clib/include/header_files/ap_int.h" line="254" pragmaType="inline" parentfunction="ap_uint<79>::ap_uint<79, false>(ap_int_base<79, false> const&)" off="0" region="0" recursive="0"/>
<pragma file="/wrk/ci/prod/2022.1/rdi_builds/continuous/2022_04_18_3526262/src/shared/hls/clib/include/header_files/ap_common.h" line="521" pragmaType="inline" parentfunction="_ZN8ssdm_intILi79ELb0EEC2EDq79_j" off="0" region="0" recursive="0"/>
<pragma file="/wrk/ci/prod/2022.1/rdi_builds/continuous/2022_04_18_3526262/src/shared/hls/clib/include/header_files/ap_fixed_base.h" line="530" pragmaType="inline" parentfunction="ap_fixed_base<79, 55, false, (ap_q_mode)5, (ap_o_mode)3, 0>::ap_fixed_base(int)" off="0" region="0" recursive="0"/>
<pragma file="/wrk/ci/prod/2022.1/rdi_builds/continuous/2022_04_18_3526262/src/shared/hls/clib/include/header_files/ap_fixed_base.h" line="1486" pragmaType="inline" parentfunction="ap_fixed_base<79, 55, false, (ap_q_mode)5, (ap_o_mode)3, 0>::operator>>(unsigned int) const" off="0" region="0" recursive="0"/>
<pragma file="/wrk/ci/prod/2022.1/rdi_builds/continuous/2022_04_18_3526262/src/shared/hls/clib/include/header_files/ap_fixed_base.h" line="1452" pragmaType="inline" parentfunction="ap_fixed_base<79, 55, false, (ap_q_mode)5, (ap_o_mode)3, 0>::operator<<(unsigned int) const" off="0" region="0" recursive="0"/>
<pragma file="/wrk/ci/prod/2022.1/rdi_builds/continuous/2022_04_18_3526262/src/shared/hls/clib/include/header_files/ap_fixed_base.h" line="0" pragmaType="inline" parentfunction="ap_fixed_base<79, 55, false, (ap_q_mode)5, (ap_o_mode)3, 0>& ap_fixed_base<79, 55, false, (ap_q_mode)5, (ap_o_mode)3, 0>::operator=<32, 32, true, (ap_q_mode)5, (ap_o_mode)3, 0>(ap_fixed_base<32, 32, true, (ap_q_mode)5, (ap_o_mode)3, 0> const&)" off="0" region="0" recursive="0"/>
<pragma file="/wrk/ci/prod/2022.1/rdi_builds/continuous/2022_04_18_3526262/src/shared/hls/clib/include/header_files/ap_fixed_base.h" line="1420" pragmaType="inline" parentfunction="ap_fixed_base<32, 32, true, (ap_q_mode)5, (ap_o_mode)3, 0>::operator!() const" off="0" region="0" recursive="0"/>
<pragma file="/wrk/ci/prod/2022.1/rdi_builds/continuous/2022_04_18_3526262/src/shared/hls/clib/include/header_files/ap_int_base.h" line="1633" pragmaType="inline" parentfunction="ap_int_base<8, false>::RType<($_0)32, true>::minus operator-<8, false>(ap_int_base<8, false> const&, int)" off="0" region="0" recursive="0"/>
<pragma file="/wrk/ci/prod/2022.1/rdi_builds/continuous/2022_04_18_3526262/src/shared/hls/clib/include/header_files/ap_int_base.h" line="541" pragmaType="inline" parentfunction="ap_int_base<33, true>::operator long long() const" off="0" region="0" recursive="0"/>
<pragma file="/wrk/ci/prod/2022.1/rdi_builds/continuous/2022_04_18_3526262/src/shared/hls/clib/include/header_files/ap_int_base.h" line="1496" pragmaType="inline" parentfunction="ap_int_base<8, false>::RType<32, true>::minus operator-<8, false, 32, true>(ap_int_base<8, false> const&, ap_int_base<32, true> const&)" off="0" region="0" recursive="0"/>
<pragma file="/wrk/ci/prod/2022.1/rdi_builds/continuous/2022_04_18_3526262/src/shared/hls/clib/include/header_files/ap_int_base.h" line="185" pragmaType="inline" parentfunction="ap_int_base<33, true>::ap_int_base<8, false>(ap_int_base<8, false> const&)" off="0" region="0" recursive="0"/>
<pragma file="/wrk/ci/prod/2022.1/rdi_builds/continuous/2022_04_18_3526262/src/shared/hls/clib/include/header_files/ap_fixed_base.h" line="400" pragmaType="inline" parentfunction="ap_fixed_base<79, 55, false, (ap_q_mode)5, (ap_o_mode)3, 0>::ap_fixed_base<24, 1, false, (ap_q_mode)5, (ap_o_mode)3, 0>(ap_fixed_base<24, 1, false, (ap_q_mode)5, (ap_o_mode)3, 0> const&)" off="0" region="0" recursive="0"/>
<pragma file="/wrk/ci/prod/2022.1/rdi_builds/continuous/2022_04_18_3526262/src/shared/hls/clib/include/header_files/ap_fixed_base.h" line="0" pragmaType="inline" parentfunction="wl" off="0" region="0" recursive="0"/>
<pragma file="/wrk/ci/prod/2022.1/rdi_builds/continuous/2022_04_18_3526262/src/shared/hls/clib/include/header_files/ap_fixed_base.h" line="1420" pragmaType="inline" parentfunction="ap_fixed_base<24, 1, false, (ap_q_mode)5, (ap_o_mode)3, 0>::operator!() const" off="0" region="0" recursive="0"/>
<pragma file="/wrk/ci/prod/2022.1/rdi_builds/continuous/2022_04_18_3526262/src/shared/hls/clib/include/header_files/ap_fixed.h" line="300" pragmaType="inline" parentfunction="ap_ufixed<24, 1, (ap_q_mode)5, (ap_o_mode)3, 0>::ap_ufixed(int)" off="0" region="0" recursive="0"/>
<pragma file="/wrk/ci/prod/2022.1/rdi_builds/continuous/2022_04_18_3526262/src/shared/hls/clib/include/header_files/ap_int_base.h" line="1088" pragmaType="inline" parentfunction="ap_int_base<23, false>::operator()(int, int) const" off="0" region="0" recursive="0"/>
<pragma file="/wrk/ci/prod/2022.1/rdi_builds/continuous/2022_04_18_3526262/src/shared/hls/clib/include/header_files/ap_fixed_ref.h" line="0" pragmaType="inline" parentfunction="af_range_ref<24, 1, false, (ap_q_mode)5, (ap_o_mode)3, 0>& af_range_ref<24, 1, false, (ap_q_mode)5, (ap_o_mode)3, 0>::operator=<23, false>(ap_range_ref<23, false> const&)" off="0" region="0" recursive="0"/>
<pragma file="/wrk/ci/prod/2022.1/rdi_builds/continuous/2022_04_18_3526262/src/shared/hls/clib/include/header_files/ap_fixed_base.h" line="1783" pragmaType="inline" parentfunction="ap_fixed_base<24, 1, false, (ap_q_mode)5, (ap_o_mode)3, 0>::operator()(int, int)" off="0" region="0" recursive="0"/>
<pragma file="/wrk/ci/prod/2022.1/rdi_builds/continuous/2022_04_18_3526262/src/shared/hls/clib/include/header_files/ap_fixed_base.h" line="1668" pragmaType="inline" parentfunction="ap_fixed_base<24, 1, false, (ap_q_mode)5, (ap_o_mode)3, 0>::operator[](unsigned int)" off="0" region="0" recursive="0"/>
<pragma file="/wrk/ci/prod/2022.1/rdi_builds/continuous/2022_04_18_3526262/src/shared/hls/clib/include/header_files/ap_fixed_ref.h" line="47" pragmaType="inline" parentfunction="af_bit_ref<24, 1, false, (ap_q_mode)5, (ap_o_mode)3, 0>::af_bit_ref(ap_fixed_base<24, 1, false, (ap_q_mode)5, (ap_o_mode)3, 0>*, int)" off="0" region="0" recursive="0"/>
<pragma file="/wrk/ci/prod/2022.1/rdi_builds/continuous/2022_04_18_3526262/src/shared/hls/clib/include/header_files/ap_int_base.h" line="357" pragmaType="inline" parentfunction="ap_int_base<23, false>::ap_int_base<23, false>(ap_range_ref<23, false> const&)" off="0" region="0" recursive="0"/>
<pragma file="/wrk/ci/prod/2022.1/rdi_builds/continuous/2022_04_18_3526262/src/shared/hls/clib/include/header_files/ap_common.h" line="0" pragmaType="inline" parentfunction="ssdm_int<24, false>::ssdm_int()" off="0" region="0" recursive="0"/>
<pragma file="/wrk/ci/prod/2022.1/rdi_builds/continuous/2022_04_18_3526262/src/shared/hls/clib/include/header_files/ap_int_ref.h" line="626" pragmaType="inline" parentfunction="get" off="0" region="0" recursive="0"/>
<pragma file="/wrk/ci/prod/2022.1/rdi_builds/continuous/2022_04_18_3526262/src/shared/hls/clib/include/header_files/ap_int_base.h" line="175" pragmaType="inline" parentfunction="ap_int_base<23, false>::ap_int_base()" off="0" region="0" recursive="0"/>
<pragma file="/wrk/ci/prod/2022.1/rdi_builds/continuous/2022_04_18_3526262/src/shared/hls/clib/include/header_files/ap_fixed_base.h" line="1743" pragmaType="inline" parentfunction="range" off="0" region="0" recursive="0"/>
<pragma file="/wrk/ci/prod/2022.1/rdi_builds/continuous/2022_04_18_3526262/src/shared/hls/clib/include/header_files/ap_fixed_ref.h" line="232" pragmaType="inline" parentfunction="af_range_ref<24, 1, false, (ap_q_mode)5, (ap_o_mode)3, 0>::af_range_ref(ap_fixed_base<24, 1, false, (ap_q_mode)5, (ap_o_mode)3, 0>*, int, int)" off="0" region="0" recursive="0"/>
<pragma file="/wrk/ci/prod/2022.1/rdi_builds/continuous/2022_04_18_3526262/src/shared/hls/clib/include/header_files/ap_int_base.h" line="1052" pragmaType="inline" parentfunction="range" off="0" region="0" recursive="0"/>
<pragma file="/wrk/ci/prod/2022.1/rdi_builds/continuous/2022_04_18_3526262/src/shared/hls/clib/include/header_files/ap_int_ref.h" line="303" pragmaType="inline" parentfunction="ap_range_ref<23, false>::ap_range_ref(ap_int_base<23, false>*, int, int)" off="0" region="0" recursive="0"/>
<pragma file="/wrk/ci/prod/2022.1/rdi_builds/continuous/2022_04_18_3526262/src/shared/hls/clib/include/header_files/ap_fixed_base.h" line="530" pragmaType="inline" parentfunction="ap_fixed_base<24, 1, false, (ap_q_mode)5, (ap_o_mode)3, 0>::ap_fixed_base(int)" off="0" region="0" recursive="0"/>
<pragma file="/wrk/ci/prod/2022.1/rdi_builds/continuous/2022_04_18_3526262/src/shared/hls/clib/include/header_files/ap_fixed_base.h" line="0" pragmaType="inline" parentfunction="ap_fixed_base<24, 1, false, (ap_q_mode)5, (ap_o_mode)3, 0>& ap_fixed_base<24, 1, false, (ap_q_mode)5, (ap_o_mode)3, 0>::operator=<32, 32, true, (ap_q_mode)5, (ap_o_mode)3, 0>(ap_fixed_base<32, 32, true, (ap_q_mode)5, (ap_o_mode)3, 0> const&)" off="0" region="0" recursive="0"/>
<pragma file="/wrk/ci/prod/2022.1/rdi_builds/continuous/2022_04_18_3526262/src/shared/hls/clib/include/header_files/ap_int.h" line="184" pragmaType="inline" parentfunction="ap_uint<1>::ap_uint()" off="0" region="0" recursive="0"/>
<pragma file="/wrk/ci/prod/2022.1/rdi_builds/continuous/2022_04_18_3526262/src/shared/hls/clib/include/header_files/ap_int.h" line="184" pragmaType="inline" parentfunction="ap_uint<8>::ap_uint()" off="0" region="0" recursive="0"/>
<pragma file="/wrk/ci/prod/2022.1/rdi_builds/continuous/2022_04_18_3526262/src/shared/hls/clib/include/header_files/ap_int.h" line="184" pragmaType="inline" parentfunction="ap_uint<23>::ap_uint()" off="0" region="0" recursive="0"/>
<pragma file="/wrk/ci/prod/2022.1/rdi_builds/continuous/2022_04_18_3526262/src/shared/hls/clib/include/header_files/ap_int.h" line="288" pragmaType="inline" parentfunction="ap_uint<32>::ap_uint(unsigned int)" off="0" region="0" recursive="0"/>
<pragma file="/wrk/ci/prod/2022.1/rdi_builds/continuous/2022_04_18_3526262/src/shared/hls/clib/include/header_files/ap_int_base.h" line="1126" pragmaType="inline" parentfunction="ap_int_base<32, false>::operator[](int)" off="0" region="0" recursive="0"/>
<pragma file="/wrk/ci/prod/2022.1/rdi_builds/continuous/2022_04_18_3526262/src/shared/hls/clib/include/header_files/ap_int_base.h" line="1126" pragmaType="inline" parentfunction="ap_int_base<1, false>::operator[](int)" off="0" region="0" recursive="0"/>
<pragma file="/wrk/ci/prod/2022.1/rdi_builds/continuous/2022_04_18_3526262/src/shared/hls/clib/include/header_files/ap_int_base.h" line="1084" pragmaType="inline" parentfunction="ap_int_base<32, false>::operator()(int, int)" off="0" region="0" recursive="0"/>
<pragma file="/wrk/ci/prod/2022.1/rdi_builds/continuous/2022_04_18_3526262/src/shared/hls/clib/include/header_files/ap_int_base.h" line="1084" pragmaType="inline" parentfunction="ap_int_base<8, false>::operator()(int, int)" off="0" region="0" recursive="0"/>
<pragma file="/wrk/ci/prod/2022.1/rdi_builds/continuous/2022_04_18_3526262/src/shared/hls/clib/include/header_files/ap_int_base.h" line="1084" pragmaType="inline" parentfunction="ap_int_base<23, false>::operator()(int, int)" off="0" region="0" recursive="0"/>
<pragma file="/wrk/ci/prod/2022.1/rdi_builds/continuous/2022_04_18_3526262/src/shared/hls/clib/include/header_files/ap_int_base.h" line="357" pragmaType="inline" parentfunction="ap_int_base<32, false>::ap_int_base<32, false>(ap_range_ref<32, false> const&)" off="0" region="0" recursive="0"/>
<pragma file="/wrk/ci/prod/2022.1/rdi_builds/continuous/2022_04_18_3526262/src/shared/hls/clib/include/header_files/ap_int_base.h" line="185" pragmaType="inline" parentfunction="ap_int_base<23, false>::ap_int_base<32, false>(ap_int_base<32, false> const&)" off="0" region="0" recursive="0"/>
<pragma file="/wrk/ci/prod/2022.1/rdi_builds/continuous/2022_04_18_3526262/src/shared/hls/clib/include/header_files/ap_common.h" line="521" pragmaType="inline" parentfunction="_ZN8ssdm_intILi23ELb0EEC2EDq23_j" off="0" region="0" recursive="0"/>
<pragma file="/wrk/ci/prod/2022.1/rdi_builds/continuous/2022_04_18_3526262/src/shared/hls/clib/include/header_files/ap_int_ref.h" line="626" pragmaType="inline" parentfunction="get" off="0" region="0" recursive="0"/>
<pragma file="/wrk/ci/prod/2022.1/rdi_builds/continuous/2022_04_18_3526262/src/shared/hls/clib/include/header_files/ap_int_base.h" line="175" pragmaType="inline" parentfunction="ap_int_base<32, false>::ap_int_base()" off="0" region="0" recursive="0"/>
<pragma file="/wrk/ci/prod/2022.1/rdi_builds/continuous/2022_04_18_3526262/src/shared/hls/clib/include/header_files/ap_int_base.h" line="1045" pragmaType="inline" parentfunction="range" off="0" region="0" recursive="0"/>
<pragma file="/wrk/ci/prod/2022.1/rdi_builds/continuous/2022_04_18_3526262/src/shared/hls/clib/include/header_files/ap_int_base.h" line="185" pragmaType="inline" parentfunction="ap_int_base<8, false>::ap_int_base<32, false>(ap_int_base<32, false> const&)" off="0" region="0" recursive="0"/>
<pragma file="/wrk/ci/prod/2022.1/rdi_builds/continuous/2022_04_18_3526262/src/shared/hls/clib/include/header_files/ap_common.h" line="521" pragmaType="inline" parentfunction="ssdm_int<8, false>::ssdm_int(unsigned char)" off="0" region="0" recursive="0"/>
<pragma file="/wrk/ci/prod/2022.1/rdi_builds/continuous/2022_04_18_3526262/src/shared/hls/clib/include/header_files/ap_int_base.h" line="1045" pragmaType="inline" parentfunction="range" off="0" region="0" recursive="0"/>
<pragma file="/wrk/ci/prod/2022.1/rdi_builds/continuous/2022_04_18_3526262/src/shared/hls/clib/include/header_files/ap_int_ref.h" line="303" pragmaType="inline" parentfunction="ap_range_ref<8, false>::ap_range_ref(ap_int_base<8, false>*, int, int)" off="0" region="0" recursive="0"/>
<pragma file="/wrk/ci/prod/2022.1/rdi_builds/continuous/2022_04_18_3526262/src/shared/hls/clib/include/header_files/ap_int_base.h" line="1045" pragmaType="inline" parentfunction="range" off="0" region="0" recursive="0"/>
<pragma file="/wrk/ci/prod/2022.1/rdi_builds/continuous/2022_04_18_3526262/src/shared/hls/clib/include/header_files/ap_int_ref.h" line="303" pragmaType="inline" parentfunction="ap_range_ref<32, false>::ap_range_ref(ap_int_base<32, false>*, int, int)" off="0" region="0" recursive="0"/>
<pragma file="/wrk/ci/prod/2022.1/rdi_builds/continuous/2022_04_18_3526262/src/shared/hls/clib/include/header_files/ap_int_ref.h" line="779" pragmaType="inline" parentfunction="ap_bit_ref<32, false>::operator bool() const" off="0" region="0" recursive="0"/>
<pragma file="/wrk/ci/prod/2022.1/rdi_builds/continuous/2022_04_18_3526262/src/shared/hls/clib/include/header_files/ap_int_ref.h" line="774" pragmaType="inline" parentfunction="ap_bit_ref<1, false>::ap_bit_ref(ap_int_base<1, false>*, int)" off="0" region="0" recursive="0"/>
<pragma file="/wrk/ci/prod/2022.1/rdi_builds/continuous/2022_04_18_3526262/src/shared/hls/clib/include/header_files/ap_int_ref.h" line="774" pragmaType="inline" parentfunction="ap_bit_ref<32, false>::ap_bit_ref(ap_int_base<32, false>*, int)" off="0" region="0" recursive="0"/>
<pragma file="/wrk/ci/prod/2022.1/rdi_builds/continuous/2022_04_18_3526262/src/shared/hls/clib/include/header_files/ap_int_base.h" line="215" pragmaType="inline" parentfunction="ap_int_base<32, false>::ap_int_base(unsigned int)" off="0" region="0" recursive="0"/>
<pragma file="/wrk/ci/prod/2022.1/rdi_builds/continuous/2022_04_18_3526262/src/shared/hls/clib/include/header_files/ap_int_base.h" line="175" pragmaType="inline" parentfunction="ap_int_base<8, false>::ap_int_base()" off="0" region="0" recursive="0"/>
<pragma file="/wrk/ci/prod/2022.1/rdi_builds/continuous/2022_04_18_3526262/src/shared/hls/clib/include/header_files/ap_common.h" line="0" pragmaType="inline" parentfunction="ssdm_int<1, false>::ssdm_int()" off="0" region="0" recursive="0"/>
<pragma file="/wrk/ci/prod/2022.1/rdi_builds/continuous/2022_04_18_3526262/src/shared/hls/clib/include/header_files/ap_int_base.h" line="175" pragmaType="inline" parentfunction="ap_int_base<1, false>::ap_int_base()" off="0" region="0" recursive="0"/>
<pragma file="/wrk/ci/prod/2022.1/rdi_builds/continuous/2022_04_18_3526262/src/shared/hls/clib/include/header_files/ap_int_ref.h" line="0" pragmaType="inline" parentfunction="ap_bit_ref<32, true>::operator=(int)" off="0" region="0" recursive="0"/>
<pragma file="/wrk/ci/prod/2022.1/rdi_builds/continuous/2022_04_18_3526262/src/shared/hls/clib/include/header_files/ap_fixed_base.h" line="0" pragmaType="inline" parentfunction="ap_fixed_base<1, 32, false, (ap_q_mode)5, (ap_o_mode)0, 0>& ap_fixed_base<1, 32, false, (ap_q_mode)5, (ap_o_mode)0, 0>::operator=<79, 55, false, (ap_q_mode)5, (ap_o_mode)3, 0>(ap_fixed_base<79, 55, false, (ap_q_mode)5, (ap_o_mode)3, 0> const&)" off="0" region="0" recursive="0"/>
<pragma file="/wrk/ci/prod/2022.1/rdi_builds/continuous/2022_04_18_3526262/src/shared/hls/clib/include/header_files/ap_fixed_base.h" line="0" pragmaType="inline" parentfunction="report" off="0" region="0" recursive="0"/>
<pragma file="/wrk/ci/prod/2022.1/rdi_builds/continuous/2022_04_18_3526262/src/shared/hls/clib/include/header_files/ap_fixed_base.h" line="0" pragmaType="inline" parentfunction="ap_fixed_base<79, 55, false, (ap_q_mode)5, (ap_o_mode)3, 0>& ap_fixed_base<79, 55, false, (ap_q_mode)5, (ap_o_mode)3, 0>::operator=<24, 1, false, (ap_q_mode)5, (ap_o_mode)3, 0>(ap_fixed_base<24, 1, false, (ap_q_mode)5, (ap_o_mode)3, 0> const&)" off="0" region="0" recursive="0"/>
<pragma file="/wrk/ci/prod/2022.1/rdi_builds/continuous/2022_04_18_3526262/src/shared/hls/clib/include/header_files/ap_int_ref.h" line="0" pragmaType="inline" parentfunction="ap_bit_ref<1, false>& ap_bit_ref<1, false>::operator=<32, false>(ap_bit_ref<32, false> const&)" off="0" region="0" recursive="0"/>
<pragma file="/wrk/ci/prod/2022.1/rdi_builds/continuous/2022_04_18_3526262/src/shared/hls/clib/include/header_files/ap_int_base.h" line="0" pragmaType="inline" parentfunction="ap_int_base<32, true>& ap_int_base<32, true>::operator=<33, true>(ap_int_base<33, true> const&)" off="0" region="0" recursive="0"/>
<pragma file="/wrk/ci/prod/2022.1/rdi_builds/continuous/2022_04_18_3526262/src/shared/hls/clib/include/header_files/ap_fixed_base.h" line="0" pragmaType="inline" parentfunction="report" off="0" region="0" recursive="0"/>
<pragma file="/wrk/ci/prod/2022.1/rdi_builds/continuous/2022_04_18_3526262/src/shared/hls/clib/include/header_files/ap_common.h" line="0" pragmaType="inline" parentfunction="ssdm_int<32, true>::ssdm_int()" off="0" region="0" recursive="0"/>
<pragma file="/wrk/ci/prod/2022.1/rdi_builds/continuous/2022_04_18_3526262/src/shared/hls/clib/include/header_files/ap_fixed_base.h" line="0" pragmaType="inline" parentfunction="report" off="0" region="0" recursive="0"/>
<pragma file="/wrk/ci/prod/2022.1/rdi_builds/continuous/2022_04_18_3526262/src/shared/hls/clib/include/header_files/ap_fixed_base.h" line="0" pragmaType="inline" parentfunction="ap_fixed_base<32, 32, true, (ap_q_mode)5, (ap_o_mode)3, 0>& ap_fixed_base<32, 32, true, (ap_q_mode)5, (ap_o_mode)3, 0>::operator=<33, 33, true, (ap_q_mode)5, (ap_o_mode)3, 0>(ap_fixed_base<33, 33, true, (ap_q_mode)5, (ap_o_mode)3, 0> const&)" off="0" region="0" recursive="0"/>
<pragma file="/wrk/ci/prod/2022.1/rdi_builds/continuous/2022_04_18_3526262/src/shared/hls/clib/include/header_files/ap_fixed_base.h" line="0" pragmaType="inline" parentfunction="ap_fixed_base<32, 32, false, (ap_q_mode)5, (ap_o_mode)0, 0>& ap_fixed_base<32, 32, false, (ap_q_mode)5, (ap_o_mode)0, 0>::operator=<1, 32, false, (ap_q_mode)5, (ap_o_mode)0, 0>(ap_fixed_base<1, 32, false, (ap_q_mode)5, (ap_o_mode)0, 0> const&)" off="0" region="0" recursive="0"/>
<pragma file="/wrk/ci/prod/2022.1/rdi_builds/continuous/2022_04_18_3526262/src/shared/hls/clib/include/header_files/ap_int_ref.h" line="0" pragmaType="inline" parentfunction="ap_range_ref<8, false>& ap_range_ref<8, false>::operator=<32, false>(ap_range_ref<32, false> const&)" off="0" region="0" recursive="0"/>
<pragma file="/wrk/ci/prod/2022.1/rdi_builds/continuous/2022_04_18_3526262/src/shared/hls/clib/include/header_files/ap_fixed_base.h" line="0" pragmaType="inline" parentfunction="report" off="0" region="0" recursive="0"/>
<pragma file="/wrk/ci/prod/2022.1/rdi_builds/continuous/2022_04_18_3526262/src/shared/hls/clib/include/header_files/ap_fixed_base.h" line="0" pragmaType="inline" parentfunction="ap_fixed_base<32, 32, false, (ap_q_mode)6, (ap_o_mode)3, 0>& ap_fixed_base<32, 32, false, (ap_q_mode)6, (ap_o_mode)3, 0>::operator=<79, 55, false, (ap_q_mode)5, (ap_o_mode)3, 0>(ap_fixed_base<79, 55, false, (ap_q_mode)5, (ap_o_mode)3, 0> const&)" off="0" region="0" recursive="0"/>
<pragma file="/wrk/ci/prod/2022.1/rdi_builds/continuous/2022_04_18_3526262/src/shared/hls/clib/include/header_files/ap_fixed_base.h" line="0" pragmaType="inline" parentfunction="report" off="0" region="0" recursive="0"/>
<pragma file="/wrk/ci/prod/2022.1/rdi_builds/continuous/2022_04_18_3526262/src/shared/hls/clib/include/header_files/ap_int_ref.h" line="0" pragmaType="inline" parentfunction="ap_range_ref<23, false>& ap_range_ref<23, false>::operator=<32, false>(ap_range_ref<32, false> const&)" off="0" region="0" recursive="0"/>
<pragma file="/wrk/ci/prod/2022.1/rdi_builds/continuous/2022_04_18_3526262/src/shared/hls/clib/include/header_files/ap_common.h" line="0" pragmaType="inline" parentfunction="ssdm_int<23, false>::ssdm_int()" off="0" region="0" recursive="0"/>
<pragma file="/wrk/ci/prod/2022.1/rdi_builds/continuous/2022_04_18_3526262/src/shared/hls/clib/include/header_files/ap_fixed_base.h" line="0" pragmaType="inline" parentfunction="ap_fixed_base<33, 33, false, (ap_q_mode)5, (ap_o_mode)0, 0>& ap_fixed_base<33, 33, false, (ap_q_mode)5, (ap_o_mode)0, 0>::operator=<1, 32, false, (ap_q_mode)5, (ap_o_mode)0, 0>(ap_fixed_base<1, 32, false, (ap_q_mode)5, (ap_o_mode)0, 0> const&)" off="0" region="0" recursive="0"/>
<pragma file="/wrk/ci/prod/2022.1/rdi_builds/continuous/2022_04_18_3526262/src/shared/hls/clib/include/header_files/ap_int_ref.h" line="0" pragmaType="inline" parentfunction="ap_range_ref<23, false>& ap_range_ref<23, false>::operator=<32, false>(ap_int_base<32, false> const&)" off="0" region="0" recursive="0"/>
<pragma file="/wrk/ci/prod/2022.1/rdi_builds/continuous/2022_04_18_3526262/src/shared/hls/clib/include/header_files/ap_int_base.h" line="0" pragmaType="inline" parentfunction="checkOverflowBaseC" off="0" region="0" recursive="0"/>
<pragma file="/wrk/ci/prod/2022.1/rdi_builds/continuous/2022_04_18_3526262/src/shared/hls/clib/include/header_files/ap_common.h" line="0" pragmaType="inline" parentfunction="ssdm_int<79, false>::ssdm_int()" off="0" region="0" recursive="0"/>
<pragma file="/wrk/ci/prod/2022.1/rdi_builds/continuous/2022_04_18_3526262/src/shared/hls/clib/include/header_files/ap_fixed_base.h" line="0" pragmaType="inline" parentfunction="report" off="0" region="0" recursive="0"/>
<pragma file="/wrk/ci/prod/2022.1/rdi_builds/continuous/2022_04_18_3526262/src/shared/hls/clib/include/header_files/ap_fixed_ref.h" line="0" pragmaType="inline" parentfunction="af_bit_ref<24, 1, false, (ap_q_mode)5, (ap_o_mode)3, 0>::operator=(bool)" off="0" region="0" recursive="0"/>
<pragma file="/wrk/ci/prod/2022.1/rdi_builds/continuous/2022_04_18_3526262/src/shared/hls/clib/include/header_files/ap_fixed_ref.h" line="0" pragmaType="inline" parentfunction="af_range_ref<24, 1, false, (ap_q_mode)5, (ap_o_mode)3, 0>& af_range_ref<24, 1, false, (ap_q_mode)5, (ap_o_mode)3, 0>::operator=<23, false>(ap_int_base<23, false> const&)" off="0" region="0" recursive="0"/>
<pragma file="/wrk/ci/prod/2022.1/rdi_builds/continuous/2022_04_18_3526262/src/shared/hls/clib/include/header_files/ap_common.h" line="0" pragmaType="inline" parentfunction="ssdm_int<32, false>::ssdm_int()" off="0" region="0" recursive="0"/>
<pragma file="/wrk/ci/prod/2022.1/rdi_builds/continuous/2022_04_18_3526262/src/shared/hls/clib/include/header_files/ap_int_ref.h" line="0" pragmaType="inline" parentfunction="ap_range_ref<8, false>& ap_range_ref<8, false>::operator=<32, false>(ap_int_base<32, false> const&)" off="0" region="0" recursive="0"/>
<pragma file="/wrk/ci/prod/2022.1/rdi_builds/continuous/2022_04_18_3526262/src/shared/hls/clib/include/header_files/ap_int_ref.h" line="0" pragmaType="inline" parentfunction="ap_bit_ref<1, false>::operator=(unsigned long long)" off="0" region="0" recursive="0"/>
<pragma file="/wrk/ci/prod/2022.1/rdi_builds/continuous/2022_04_18_3526262/src/shared/hls/clib/include/header_files/ap_common.h" line="0" pragmaType="inline" parentfunction="ssdm_int<8, false>::ssdm_int()" off="0" region="0" recursive="0"/>
</pragmas>
