{"sourceFile": [{
      "name": "",
      "directive": [
        {
          "functionName": "exp_12f",
          "label": "",
          "functionLabel": "",
          "id": "1",
          "sourceFile": "\/tools\/P1_2partsMult\/solution1\/directives.tcl",
          "sourceLine": "6",
          "pragma": {
            "name": "TOP",
            "option": [{
                "name": "name",
                "value": "exp_12f"
              }]
          }
        },
        {
          "functionName": "exp_12f",
          "label": "",
          "functionLabel": "",
          "id": "2",
          "sourceFile": "\/tools\/P1_2partsMult\/solution1\/csynth.tcl",
          "sourceLine": "16",
          "pragma": {
            "name": "TOP",
            "option": [{
                "name": "name",
                "value": "exp_12f"
              }]
          }
        }
      ]
    }]}
