<profile>

<section name = "Vitis HLS Report for 'exp_12f'" level="0">
<item name = "Date">Thu Jul 13 10:08:53 2023
</item>
<item name = "Version">2022.1 (Build 3526262 on Mon Apr 18 15:47:01 MDT 2022)</item>
<item name = "Project">P1_2partsMult</item>
<item name = "Solution">solution1 (Vivado IP Flow Target)</item>
<item name = "Product family">spartan7</item>
<item name = "Target device">xc7s75-fgga676-2</item>
</section>

<section name = "Performance Estimates" level="0">
<item name = "Timing">
<section name = "" level="1">
<item name = "Summary"><table name="" hasTotal="0">
<keys size="4">Clock, Target, Estimated, Uncertainty</keys>
<column name="ap_clk">10.00 ns, 7.740 ns, 2.00 ns</column>
</table>
</item>
</section>
</item>
<item name = "Latency">
<section name = "" level="1">
<item name = "Summary"><table name="" hasTotal="0">
<keys size="8">, min, max, min, max, min, max, Type</keys>
<column name="">28, 28, 0.280 us, 0.280 us, 29, 29, no</column>
</table>
</item>
<item name = "Detail">
<section name = "" level="1">
<item name = "Instance"><table name="" hasTotal="0">
<keys size="9">Instance, Module, min, max, min, max, min, max, Type</keys>
</table>
</item>
<item name = "Loop"><table name="" hasTotal="0">
<keys size="8">Loop Name, min, max, Latency, achieved, target, Count, Pipelined</keys>
</table>
</item>
</section>
</item>
</section>
</item>
</section>

<section name = "Utilization Estimates" level="0">
<item name = "Summary"><table name="" hasTotal="1">
<keys size="6">Name, BRAM_18K, DSP, FF, LUT, URAM</keys>
<column name="DSP">-, -, -, -, -</column>
<column name="Expression">-, -, 0, 1343, -</column>
<column name="FIFO">-, -, -, -, -</column>
<column name="Instance">-, 5, 348, 337, -</column>
<column name="Memory">-, -, -, -, -</column>
<column name="Multiplexer">-, -, -, 192, -</column>
<column name="Register">-, -, 262, -, -</column>
<specialColumn name="Available">180, 140, 96000, 48000, 0</specialColumn>
<specialColumn name="Utilization (%)">0, 3, ~0, 3, 0</specialColumn>
</table>
</item>
<item name = "Detail">
<section name = "" level="1">
<item name = "Instance"><table name="" hasTotal="1">
<keys size="7">Instance, Module, BRAM_18K, DSP, FF, LUT, URAM</keys>
<column name="fadd_32ns_32ns_32_5_full_dsp_1_U1">fadd_32ns_32ns_32_5_full_dsp_1, 0, 2, 205, 203, 0</column>
<column name="fmul_32ns_32ns_32_4_max_dsp_1_U2">fmul_32ns_32ns_32_4_max_dsp_1, 0, 3, 143, 134, 0</column>
<column name="sitofp_32ns_32_5_no_dsp_1_U3">sitofp_32ns_32_5_no_dsp_1, 0, 0, 0, 0, 0</column>
</table>
</item>
<item name = "DSP"><table name="" hasTotal="0">
<keys size="3">Instance, Module, Expression</keys>
</table>
</item>
<item name = "Memory"><table name="" hasTotal="1">
<keys size="10">Memory, Module, BRAM_18K, FF, LUT, URAM, Words, Bits, Banks, W*Bits*Banks</keys>
</table>
</item>
<item name = "FIFO"><table name="" hasTotal="1">
<keys size="8">Name, BRAM_18K, FF, LUT, URAM, Depth, Bits, Size:D*B</keys>
</table>
</item>
<item name = "Expression"><table name="" hasTotal="1">
<keys size="7">Variable Name, Operation, DSP, FF, LUT, Bitwidth P0, Bitwidth P1</keys>
<column name="add_ln346_1_fu_338_p2">+, 0, 0, 16, 9, 8</column>
<column name="add_ln346_fu_158_p2">+, 0, 0, 16, 9, 8</column>
<column name="result_V_2_fu_240_p2">-, 0, 0, 38, 1, 31</column>
<column name="result_V_6_fu_420_p2">-, 0, 0, 39, 1, 32</column>
<column name="sub_ln1512_1_fu_352_p2">-, 0, 0, 15, 7, 8</column>
<column name="sub_ln1512_fu_172_p2">-, 0, 0, 15, 7, 8</column>
<column name="r_V_2_fu_378_p2">lshr, 0, 0, 242, 79, 79</column>
<column name="r_V_fu_198_p2">lshr, 0, 0, 242, 79, 79</column>
<column name="or_ln16_fu_442_p2">or, 0, 0, 31, 31, 31</column>
<column name="result_V_7_fu_433_p3">select, 0, 0, 32, 1, 32</column>
<column name="result_V_fu_246_p3">select, 0, 0, 31, 1, 31</column>
<column name="select_ln15_1_fu_286_p3">select, 0, 0, 31, 1, 31</column>
<column name="select_ln15_fu_278_p3">select, 0, 0, 30, 1, 30</column>
<column name="ush_1_fu_362_p3">select, 0, 0, 9, 1, 9</column>
<column name="ush_fu_182_p3">select, 0, 0, 9, 1, 9</column>
<column name="val_1_fu_412_p3">select, 0, 0, 32, 1, 32</column>
<column name="val_fu_232_p3">select, 0, 0, 31, 1, 31</column>
<column name="r_V_1_fu_204_p2">shl, 0, 0, 242, 79, 79</column>
<column name="r_V_3_fu_384_p2">shl, 0, 0, 242, 79, 79</column>
</table>
</item>
<item name = "Multiplexer"><table name="" hasTotal="1">
<keys size="5">Name, LUT, Input Size, Bits, Total Bits</keys>
<column name="ap_NS_fsm">135, 30, 1, 30</column>
<column name="grp_fu_90_p1">15, 3, 32, 96</column>
<column name="grp_fu_95_p0">21, 4, 32, 128</column>
<column name="grp_fu_95_p1">21, 4, 32, 128</column>
</table>
</item>
<item name = "Register"><table name="" hasTotal="1">
<keys size="5">Name, FF, LUT, Bits, Const Bits</keys>
<column name="ap_CS_fsm">29, 0, 29, 0</column>
<column name="conv2_reg_505">32, 0, 32, 0</column>
<column name="p_Result_2_reg_520">1, 0, 1, 0</column>
<column name="p_Result_s_reg_474">1, 0, 1, 0</column>
<column name="reg_105">32, 0, 32, 0</column>
<column name="reg_110">32, 0, 32, 0</column>
<column name="result_V_2_reg_484">31, 0, 31, 0</column>
<column name="result_V_6_reg_530">32, 0, 32, 0</column>
<column name="tmp_1_reg_499">1, 0, 1, 0</column>
<column name="tmp_4_reg_489">8, 0, 8, 0</column>
<column name="val_1_reg_525">32, 0, 32, 0</column>
<column name="val_reg_479">31, 0, 31, 0</column>
</table>
</item>
</section>
</item>
</section>

<section name = "Interface" level="0">
<item name = "Summary"><table name="" hasTotal="0">
<keys size="6">RTL Ports, Dir, Bits, Protocol, Source Object, C Type</keys>
<column name="ap_clk">in, 1, ap_ctrl_hs, exp_12f, return value</column>
<column name="ap_rst">in, 1, ap_ctrl_hs, exp_12f, return value</column>
<column name="ap_start">in, 1, ap_ctrl_hs, exp_12f, return value</column>
<column name="ap_done">out, 1, ap_ctrl_hs, exp_12f, return value</column>
<column name="ap_idle">out, 1, ap_ctrl_hs, exp_12f, return value</column>
<column name="ap_ready">out, 1, ap_ctrl_hs, exp_12f, return value</column>
<column name="ap_return">out, 32, ap_ctrl_hs, exp_12f, return value</column>
<column name="x">in, 32, ap_none, x, scalar</column>
</table>
</item>
</section>
</profile>
