<stg><name>exp_12f</name>


<trans_list>

<trans id="119" from="1" to="2">
<condition id="-1">
<or_exp><and_exp></and_exp></or_exp>
</condition>
</trans>

<trans id="120" from="2" to="3">
<condition id="-1">
<or_exp><and_exp></and_exp></or_exp>
</condition>
</trans>

<trans id="121" from="3" to="4">
<condition id="-1">
<or_exp><and_exp></and_exp></or_exp>
</condition>
</trans>

<trans id="122" from="4" to="5">
<condition id="-1">
<or_exp><and_exp></and_exp></or_exp>
</condition>
</trans>

<trans id="123" from="5" to="6">
<condition id="-1">
<or_exp><and_exp></and_exp></or_exp>
</condition>
</trans>

<trans id="124" from="6" to="7">
<condition id="-1">
<or_exp><and_exp></and_exp></or_exp>
</condition>
</trans>

<trans id="125" from="7" to="8">
<condition id="-1">
<or_exp><and_exp></and_exp></or_exp>
</condition>
</trans>

<trans id="126" from="8" to="9">
<condition id="-1">
<or_exp><and_exp></and_exp></or_exp>
</condition>
</trans>

<trans id="127" from="9" to="10">
<condition id="-1">
<or_exp><and_exp></and_exp></or_exp>
</condition>
</trans>

<trans id="128" from="10" to="11">
<condition id="-1">
<or_exp><and_exp></and_exp></or_exp>
</condition>
</trans>

<trans id="129" from="11" to="12">
<condition id="-1">
<or_exp><and_exp></and_exp></or_exp>
</condition>
</trans>

<trans id="130" from="12" to="13">
<condition id="-1">
<or_exp><and_exp></and_exp></or_exp>
</condition>
</trans>

<trans id="131" from="13" to="14">
<condition id="-1">
<or_exp><and_exp></and_exp></or_exp>
</condition>
</trans>

<trans id="132" from="14" to="15">
<condition id="-1">
<or_exp><and_exp></and_exp></or_exp>
</condition>
</trans>

<trans id="133" from="15" to="16">
<condition id="-1">
<or_exp><and_exp></and_exp></or_exp>
</condition>
</trans>

<trans id="134" from="16" to="17">
<condition id="-1">
<or_exp><and_exp></and_exp></or_exp>
</condition>
</trans>

<trans id="135" from="17" to="18">
<condition id="-1">
<or_exp><and_exp></and_exp></or_exp>
</condition>
</trans>

<trans id="136" from="18" to="19">
<condition id="-1">
<or_exp><and_exp></and_exp></or_exp>
</condition>
</trans>

<trans id="137" from="19" to="20">
<condition id="-1">
<or_exp><and_exp></and_exp></or_exp>
</condition>
</trans>

<trans id="138" from="20" to="21">
<condition id="-1">
<or_exp><and_exp></and_exp></or_exp>
</condition>
</trans>

<trans id="139" from="21" to="22">
<condition id="-1">
<or_exp><and_exp></and_exp></or_exp>
</condition>
</trans>

<trans id="140" from="22" to="23">
<condition id="-1">
<or_exp><and_exp></and_exp></or_exp>
</condition>
</trans>

<trans id="141" from="23" to="24">
<condition id="-1">
<or_exp><and_exp></and_exp></or_exp>
</condition>
</trans>

<trans id="142" from="24" to="25">
<condition id="-1">
<or_exp><and_exp></and_exp></or_exp>
</condition>
</trans>

<trans id="143" from="25" to="26">
<condition id="-1">
<or_exp><and_exp></and_exp></or_exp>
</condition>
</trans>

<trans id="144" from="26" to="27">
<condition id="-1">
<or_exp><and_exp></and_exp></or_exp>
</condition>
</trans>

<trans id="145" from="27" to="28">
<condition id="-1">
<or_exp><and_exp></and_exp></or_exp>
</condition>
</trans>

<trans id="146" from="28" to="29">
<condition id="-1">
<or_exp><and_exp></and_exp></or_exp>
</condition>
</trans>
</trans_list>



<state_list>

<state id="1" st_id="1">

<operation id="30" st_id="1" stage="1" lat="1">
<core>NULL</core>
<MemPortIdVec></MemPortIdVec>
<condition id="-1">
<or_exp><and_exp></and_exp></or_exp>
</condition>

<Node id="6" bw="32" op_0_bw="32" op_1_bw="32">
<![CDATA[
entry:4 %x_read = read i32 @_ssdm_op_Read.ap_auto.float, i32 %x

]]></Node>
<StgValue><ssdm name="x_read"/></StgValue>
</operation>

<operation id="31" st_id="1" stage="4" lat="4">
<core>FMul_maxdsp</core>
<MemPortIdVec></MemPortIdVec>
<condition id="-1">
<or_exp><and_exp></and_exp></or_exp>
</condition>

<Node id="7" bw="32" op_0_bw="32" op_1_bw="32">
<![CDATA[
entry:5 %mul = fmul i32 %x_read, i32 1.21022e+07

]]></Node>
<StgValue><ssdm name="mul"/></StgValue>
</operation>
</state>

<state id="2" st_id="2">

<operation id="32" st_id="2" stage="3" lat="4">
<core>FMul_maxdsp</core>
<MemPortIdVec></MemPortIdVec>
<condition id="-1">
<or_exp><and_exp></and_exp></or_exp>
</condition>

<Node id="7" bw="32" op_0_bw="32" op_1_bw="32">
<![CDATA[
entry:5 %mul = fmul i32 %x_read, i32 1.21022e+07

]]></Node>
<StgValue><ssdm name="mul"/></StgValue>
</operation>
</state>

<state id="3" st_id="3">

<operation id="33" st_id="3" stage="2" lat="4">
<core>FMul_maxdsp</core>
<MemPortIdVec></MemPortIdVec>
<condition id="-1">
<or_exp><and_exp></and_exp></or_exp>
</condition>

<Node id="7" bw="32" op_0_bw="32" op_1_bw="32">
<![CDATA[
entry:5 %mul = fmul i32 %x_read, i32 1.21022e+07

]]></Node>
<StgValue><ssdm name="mul"/></StgValue>
</operation>
</state>

<state id="4" st_id="4">

<operation id="34" st_id="4" stage="1" lat="4">
<core>FMul_maxdsp</core>
<MemPortIdVec></MemPortIdVec>
<condition id="-1">
<or_exp><and_exp></and_exp></or_exp>
</condition>

<Node id="7" bw="32" op_0_bw="32" op_1_bw="32">
<![CDATA[
entry:5 %mul = fmul i32 %x_read, i32 1.21022e+07

]]></Node>
<StgValue><ssdm name="mul"/></StgValue>
</operation>
</state>

<state id="5" st_id="5">

<operation id="35" st_id="5" stage="5" lat="5">
<core>FAddSub_fulldsp</core>
<MemPortIdVec></MemPortIdVec>
<condition id="-1">
<or_exp><and_exp></and_exp></or_exp>
</condition>

<Node id="8" bw="32" op_0_bw="32" op_1_bw="32">
<![CDATA[
entry:6 %dc = fadd i32 %mul, i32 1.06535e+09

]]></Node>
<StgValue><ssdm name="dc"/></StgValue>
</operation>
</state>

<state id="6" st_id="6">

<operation id="36" st_id="6" stage="4" lat="5">
<core>FAddSub_fulldsp</core>
<MemPortIdVec></MemPortIdVec>
<condition id="-1">
<or_exp><and_exp></and_exp></or_exp>
</condition>

<Node id="8" bw="32" op_0_bw="32" op_1_bw="32">
<![CDATA[
entry:6 %dc = fadd i32 %mul, i32 1.06535e+09

]]></Node>
<StgValue><ssdm name="dc"/></StgValue>
</operation>
</state>

<state id="7" st_id="7">

<operation id="37" st_id="7" stage="3" lat="5">
<core>FAddSub_fulldsp</core>
<MemPortIdVec></MemPortIdVec>
<condition id="-1">
<or_exp><and_exp></and_exp></or_exp>
</condition>

<Node id="8" bw="32" op_0_bw="32" op_1_bw="32">
<![CDATA[
entry:6 %dc = fadd i32 %mul, i32 1.06535e+09

]]></Node>
<StgValue><ssdm name="dc"/></StgValue>
</operation>
</state>

<state id="8" st_id="8">

<operation id="38" st_id="8" stage="2" lat="5">
<core>FAddSub_fulldsp</core>
<MemPortIdVec></MemPortIdVec>
<condition id="-1">
<or_exp><and_exp></and_exp></or_exp>
</condition>

<Node id="8" bw="32" op_0_bw="32" op_1_bw="32">
<![CDATA[
entry:6 %dc = fadd i32 %mul, i32 1.06535e+09

]]></Node>
<StgValue><ssdm name="dc"/></StgValue>
</operation>
</state>

<state id="9" st_id="9">

<operation id="39" st_id="9" stage="1" lat="5">
<core>FAddSub_fulldsp</core>
<MemPortIdVec></MemPortIdVec>
<condition id="-1">
<or_exp><and_exp></and_exp></or_exp>
</condition>

<Node id="8" bw="32" op_0_bw="32" op_1_bw="32">
<![CDATA[
entry:6 %dc = fadd i32 %mul, i32 1.06535e+09

]]></Node>
<StgValue><ssdm name="dc"/></StgValue>
</operation>
</state>

<state id="10" st_id="10">

<operation id="40" st_id="10" stage="1" lat="1">
<core>NULL</core>
<MemPortIdVec></MemPortIdVec>
<condition id="-1">
<or_exp><and_exp></and_exp></or_exp>
</condition>

<Node id="9" bw="32" op_0_bw="32">
<![CDATA[
entry:7 %data_V = bitcast i32 %dc

]]></Node>
<StgValue><ssdm name="data_V"/></StgValue>
</operation>

<operation id="41" st_id="10" stage="1" lat="1">
<core>NULL</core>
<MemPortIdVec></MemPortIdVec>
<condition id="-1">
<or_exp><and_exp></and_exp></or_exp>
</condition>

<Node id="10" bw="1" op_0_bw="1" op_1_bw="32" op_2_bw="32">
<![CDATA[
entry:8 %p_Result_s = bitselect i1 @_ssdm_op_BitSelect.i1.i32.i32, i32 %data_V, i32 31

]]></Node>
<StgValue><ssdm name="p_Result_s"/></StgValue>
</operation>

<operation id="42" st_id="10" stage="1" lat="1">
<core>NULL</core>
<MemPortIdVec></MemPortIdVec>
<condition id="-1">
<or_exp><and_exp></and_exp></or_exp>
</condition>

<Node id="11" bw="8" op_0_bw="8" op_1_bw="32" op_2_bw="32" op_3_bw="32">
<![CDATA[
entry:9 %xs_exp_V = partselect i8 @_ssdm_op_PartSelect.i8.i32.i32.i32, i32 %data_V, i32 23, i32 30

]]></Node>
<StgValue><ssdm name="xs_exp_V"/></StgValue>
</operation>

<operation id="43" st_id="10" stage="1" lat="1">
<core>NULL</core>
<MemPortIdVec></MemPortIdVec>
<condition id="-1">
<or_exp><and_exp></and_exp></or_exp>
</condition>

<Node id="12" bw="23" op_0_bw="32">
<![CDATA[
entry:10 %p_Result_1 = trunc i32 %data_V

]]></Node>
<StgValue><ssdm name="p_Result_1"/></StgValue>
</operation>

<operation id="44" st_id="10" stage="1" lat="1">
<core>NULL</core>
<MemPortIdVec></MemPortIdVec>
<condition id="-1">
<or_exp><and_exp></and_exp></or_exp>
</condition>

<Node id="13" bw="25" op_0_bw="25" op_1_bw="1" op_2_bw="23" op_3_bw="1">
<![CDATA[
entry:11 %mantissa = bitconcatenate i25 @_ssdm_op_BitConcatenate.i25.i1.i23.i1, i1 1, i23 %p_Result_1, i1 0

]]></Node>
<StgValue><ssdm name="mantissa"/></StgValue>
</operation>

<operation id="45" st_id="10" stage="1" lat="1">
<core>NULL</core>
<MemPortIdVec></MemPortIdVec>
<condition id="-1">
<or_exp><and_exp></and_exp></or_exp>
</condition>

<Node id="14" bw="79" op_0_bw="25">
<![CDATA[
entry:12 %zext_ln15 = zext i25 %mantissa

]]></Node>
<StgValue><ssdm name="zext_ln15"/></StgValue>
</operation>

<operation id="46" st_id="10" stage="1" lat="1">
<core>NULL</core>
<MemPortIdVec></MemPortIdVec>
<condition id="-1">
<or_exp><and_exp></and_exp></or_exp>
</condition>

<Node id="15" bw="9" op_0_bw="8">
<![CDATA[
entry:13 %zext_ln346 = zext i8 %xs_exp_V

]]></Node>
<StgValue><ssdm name="zext_ln346"/></StgValue>
</operation>

<operation id="47" st_id="10" stage="1" lat="1">
<core>Adder</core>
<MemPortIdVec></MemPortIdVec>
<condition id="-1">
<or_exp><and_exp></and_exp></or_exp>
</condition>

<Node id="16" bw="9" op_0_bw="9" op_1_bw="9">
<![CDATA[
entry:14 %add_ln346 = add i9 %zext_ln346, i9 385

]]></Node>
<StgValue><ssdm name="add_ln346"/></StgValue>
</operation>

<operation id="48" st_id="10" stage="1" lat="1">
<core>NULL</core>
<MemPortIdVec></MemPortIdVec>
<condition id="-1">
<or_exp><and_exp></and_exp></or_exp>
</condition>

<Node id="17" bw="1" op_0_bw="1" op_1_bw="9" op_2_bw="32">
<![CDATA[
entry:15 %isNeg = bitselect i1 @_ssdm_op_BitSelect.i1.i9.i32, i9 %add_ln346, i32 8

]]></Node>
<StgValue><ssdm name="isNeg"/></StgValue>
</operation>

<operation id="49" st_id="10" stage="1" lat="1">
<core>Adder</core>
<MemPortIdVec></MemPortIdVec>
<condition id="-1">
<or_exp><and_exp></and_exp></or_exp>
</condition>

<Node id="18" bw="8" op_0_bw="8" op_1_bw="8">
<![CDATA[
entry:16 %sub_ln1512 = sub i8 127, i8 %xs_exp_V

]]></Node>
<StgValue><ssdm name="sub_ln1512"/></StgValue>
</operation>

<operation id="50" st_id="10" stage="1" lat="1">
<core>NULL</core>
<MemPortIdVec></MemPortIdVec>
<condition id="-1">
<or_exp><and_exp></and_exp></or_exp>
</condition>

<Node id="19" bw="9" op_0_bw="8">
<![CDATA[
entry:17 %sext_ln1512 = sext i8 %sub_ln1512

]]></Node>
<StgValue><ssdm name="sext_ln1512"/></StgValue>
</operation>

<operation id="51" st_id="10" stage="1" lat="1">
<core>Sel</core>
<MemPortIdVec></MemPortIdVec>
<condition id="-1">
<or_exp><and_exp></and_exp></or_exp>
</condition>

<Node id="20" bw="9" op_0_bw="1" op_1_bw="9" op_2_bw="9">
<![CDATA[
entry:18 %ush = select i1 %isNeg, i9 %sext_ln1512, i9 %add_ln346

]]></Node>
<StgValue><ssdm name="ush"/></StgValue>
</operation>

<operation id="52" st_id="10" stage="1" lat="1">
<core>NULL</core>
<MemPortIdVec></MemPortIdVec>
<condition id="-1">
<or_exp><and_exp></and_exp></or_exp>
</condition>

<Node id="21" bw="32" op_0_bw="9">
<![CDATA[
entry:19 %sext_ln1488 = sext i9 %ush

]]></Node>
<StgValue><ssdm name="sext_ln1488"/></StgValue>
</operation>

<operation id="53" st_id="10" stage="1" lat="1">
<core>NULL</core>
<MemPortIdVec></MemPortIdVec>
<condition id="-1">
<or_exp><and_exp></and_exp></or_exp>
</condition>

<Node id="22" bw="79" op_0_bw="32">
<![CDATA[
entry:20 %zext_ln1488 = zext i32 %sext_ln1488

]]></Node>
<StgValue><ssdm name="zext_ln1488"/></StgValue>
</operation>

<operation id="54" st_id="10" stage="1" lat="1">
<core>Shifter</core>
<MemPortIdVec></MemPortIdVec>
<condition id="-1">
<or_exp><and_exp></and_exp></or_exp>
</condition>

<Node id="23" bw="79" op_0_bw="79" op_1_bw="79">
<![CDATA[
entry:21 %r_V = lshr i79 %zext_ln15, i79 %zext_ln1488

]]></Node>
<StgValue><ssdm name="r_V"/></StgValue>
</operation>

<operation id="55" st_id="10" stage="1" lat="1">
<core>Shifter</core>
<MemPortIdVec></MemPortIdVec>
<condition id="-1">
<or_exp><and_exp></and_exp></or_exp>
</condition>

<Node id="24" bw="79" op_0_bw="79" op_1_bw="79">
<![CDATA[
entry:22 %r_V_1 = shl i79 %zext_ln15, i79 %zext_ln1488

]]></Node>
<StgValue><ssdm name="r_V_1"/></StgValue>
</operation>

<operation id="56" st_id="10" stage="1" lat="1">
<core>NULL</core>
<MemPortIdVec></MemPortIdVec>
<condition id="-1">
<or_exp><and_exp></and_exp></or_exp>
</condition>

<Node id="25" bw="1" op_0_bw="1" op_1_bw="79" op_2_bw="32">
<![CDATA[
entry:23 %tmp = bitselect i1 @_ssdm_op_BitSelect.i1.i79.i32, i79 %r_V, i32 24

]]></Node>
<StgValue><ssdm name="tmp"/></StgValue>
</operation>

<operation id="57" st_id="10" stage="1" lat="1">
<core>NULL</core>
<MemPortIdVec></MemPortIdVec>
<condition id="-1">
<or_exp><and_exp></and_exp></or_exp>
</condition>

<Node id="26" bw="31" op_0_bw="1">
<![CDATA[
entry:24 %zext_ln818 = zext i1 %tmp

]]></Node>
<StgValue><ssdm name="zext_ln818"/></StgValue>
</operation>

<operation id="58" st_id="10" stage="1" lat="1">
<core>NULL</core>
<MemPortIdVec></MemPortIdVec>
<condition id="-1">
<or_exp><and_exp></and_exp></or_exp>
</condition>

<Node id="27" bw="31" op_0_bw="31" op_1_bw="79" op_2_bw="32" op_3_bw="32">
<![CDATA[
entry:25 %tmp_3 = partselect i31 @_ssdm_op_PartSelect.i31.i79.i32.i32, i79 %r_V_1, i32 24, i32 54

]]></Node>
<StgValue><ssdm name="tmp_3"/></StgValue>
</operation>

<operation id="59" st_id="10" stage="1" lat="1">
<core>Sel</core>
<MemPortIdVec></MemPortIdVec>
<condition id="-1">
<or_exp><and_exp></and_exp></or_exp>
</condition>

<Node id="28" bw="31" op_0_bw="1" op_1_bw="31" op_2_bw="31">
<![CDATA[
entry:26 %val = select i1 %isNeg, i31 %zext_ln818, i31 %tmp_3

]]></Node>
<StgValue><ssdm name="val"/></StgValue>
</operation>

<operation id="60" st_id="10" stage="1" lat="1">
<core>Adder</core>
<MemPortIdVec></MemPortIdVec>
<condition id="-1">
<or_exp><and_exp></and_exp></or_exp>
</condition>

<Node id="29" bw="31" op_0_bw="31" op_1_bw="31">
<![CDATA[
entry:27 %result_V_2 = sub i31 0, i31 %val

]]></Node>
<StgValue><ssdm name="result_V_2"/></StgValue>
</operation>
</state>

<state id="11" st_id="11">

<operation id="61" st_id="11" stage="1" lat="1">
<core>Sel</core>
<MemPortIdVec></MemPortIdVec>
<condition id="-1">
<or_exp><and_exp></and_exp></or_exp>
</condition>

<Node id="30" bw="31" op_0_bw="1" op_1_bw="31" op_2_bw="31">
<![CDATA[
entry:28 %result_V = select i1 %p_Result_s, i31 %result_V_2, i31 %val

]]></Node>
<StgValue><ssdm name="result_V"/></StgValue>
</operation>

<operation id="62" st_id="11" stage="1" lat="1">
<core>NULL</core>
<MemPortIdVec></MemPortIdVec>
<condition id="-1">
<or_exp><and_exp></and_exp></or_exp>
</condition>

<Node id="31" bw="23" op_0_bw="31">
<![CDATA[
entry:29 %zif = trunc i31 %result_V

]]></Node>
<StgValue><ssdm name="zif"/></StgValue>
</operation>

<operation id="63" st_id="11" stage="1" lat="1">
<core>NULL</core>
<MemPortIdVec></MemPortIdVec>
<condition id="-1">
<or_exp><and_exp></and_exp></or_exp>
</condition>

<Node id="32" bw="8" op_0_bw="8" op_1_bw="31" op_2_bw="32" op_3_bw="32">
<![CDATA[
entry:30 %tmp_4 = partselect i8 @_ssdm_op_PartSelect.i8.i31.i32.i32, i31 %result_V, i32 23, i32 30

]]></Node>
<StgValue><ssdm name="tmp_4"/></StgValue>
</operation>

<operation id="64" st_id="11" stage="1" lat="1">
<core>NULL</core>
<MemPortIdVec></MemPortIdVec>
<condition id="-1">
<or_exp><and_exp></and_exp></or_exp>
</condition>

<Node id="34" bw="32" op_0_bw="23">
<![CDATA[
entry:32 %zext_ln13 = zext i23 %zif

]]></Node>
<StgValue><ssdm name="zext_ln13"/></StgValue>
</operation>

<operation id="65" st_id="11" stage="5" lat="5">
<core>Int2Float</core>
<MemPortIdVec></MemPortIdVec>
<condition id="-1">
<or_exp><and_exp></and_exp></or_exp>
</condition>

<Node id="35" bw="32" op_0_bw="32">
<![CDATA[
entry:33 %conv2 = sitofp i32 %zext_ln13

]]></Node>
<StgValue><ssdm name="conv2"/></StgValue>
</operation>

<operation id="66" st_id="11" stage="1" lat="1">
<core>NULL</core>
<MemPortIdVec></MemPortIdVec>
<condition id="-1">
<or_exp><and_exp></and_exp></or_exp>
</condition>

<Node id="36" bw="1" op_0_bw="1" op_1_bw="31" op_2_bw="32">
<![CDATA[
entry:34 %tmp_1 = bitselect i1 @_ssdm_op_BitSelect.i1.i31.i32, i31 %result_V, i32 22

]]></Node>
<StgValue><ssdm name="tmp_1"/></StgValue>
</operation>
</state>

<state id="12" st_id="12">

<operation id="67" st_id="12" stage="4" lat="5">
<core>Int2Float</core>
<MemPortIdVec></MemPortIdVec>
<condition id="-1">
<or_exp><and_exp></and_exp></or_exp>
</condition>

<Node id="35" bw="32" op_0_bw="32">
<![CDATA[
entry:33 %conv2 = sitofp i32 %zext_ln13

]]></Node>
<StgValue><ssdm name="conv2"/></StgValue>
</operation>
</state>

<state id="13" st_id="13">

<operation id="68" st_id="13" stage="3" lat="5">
<core>Int2Float</core>
<MemPortIdVec></MemPortIdVec>
<condition id="-1">
<or_exp><and_exp></and_exp></or_exp>
</condition>

<Node id="35" bw="32" op_0_bw="32">
<![CDATA[
entry:33 %conv2 = sitofp i32 %zext_ln13

]]></Node>
<StgValue><ssdm name="conv2"/></StgValue>
</operation>
</state>

<state id="14" st_id="14">

<operation id="69" st_id="14" stage="2" lat="5">
<core>Int2Float</core>
<MemPortIdVec></MemPortIdVec>
<condition id="-1">
<or_exp><and_exp></and_exp></or_exp>
</condition>

<Node id="35" bw="32" op_0_bw="32">
<![CDATA[
entry:33 %conv2 = sitofp i32 %zext_ln13

]]></Node>
<StgValue><ssdm name="conv2"/></StgValue>
</operation>
</state>

<state id="15" st_id="15">

<operation id="70" st_id="15" stage="1" lat="5">
<core>Int2Float</core>
<MemPortIdVec></MemPortIdVec>
<condition id="-1">
<or_exp><and_exp></and_exp></or_exp>
</condition>

<Node id="35" bw="32" op_0_bw="32">
<![CDATA[
entry:33 %conv2 = sitofp i32 %zext_ln13

]]></Node>
<StgValue><ssdm name="conv2"/></StgValue>
</operation>
</state>

<state id="16" st_id="16">

<operation id="71" st_id="16" stage="1" lat="1">
<core>Sel</core>
<MemPortIdVec></MemPortIdVec>
<condition id="-1">
<or_exp><and_exp></and_exp></or_exp>
</condition>

<Node id="37" bw="32" op_0_bw="1" op_1_bw="32" op_2_bw="32">
<![CDATA[
entry:35 %select_ln15 = select i1 %tmp_1, i32 1.17157, i32 0.828427

]]></Node>
<StgValue><ssdm name="select_ln15"/></StgValue>
</operation>

<operation id="72" st_id="16" stage="4" lat="4">
<core>FMul_maxdsp</core>
<MemPortIdVec></MemPortIdVec>
<condition id="-1">
<or_exp><and_exp></and_exp></or_exp>
</condition>

<Node id="38" bw="32" op_0_bw="32" op_1_bw="32">
<![CDATA[
entry:36 %mul3 = fmul i32 %conv2, i32 %select_ln15

]]></Node>
<StgValue><ssdm name="mul3"/></StgValue>
</operation>
</state>

<state id="17" st_id="17">

<operation id="73" st_id="17" stage="3" lat="4">
<core>FMul_maxdsp</core>
<MemPortIdVec></MemPortIdVec>
<condition id="-1">
<or_exp><and_exp></and_exp></or_exp>
</condition>

<Node id="38" bw="32" op_0_bw="32" op_1_bw="32">
<![CDATA[
entry:36 %mul3 = fmul i32 %conv2, i32 %select_ln15

]]></Node>
<StgValue><ssdm name="mul3"/></StgValue>
</operation>
</state>

<state id="18" st_id="18">

<operation id="74" st_id="18" stage="2" lat="4">
<core>FMul_maxdsp</core>
<MemPortIdVec></MemPortIdVec>
<condition id="-1">
<or_exp><and_exp></and_exp></or_exp>
</condition>

<Node id="38" bw="32" op_0_bw="32" op_1_bw="32">
<![CDATA[
entry:36 %mul3 = fmul i32 %conv2, i32 %select_ln15

]]></Node>
<StgValue><ssdm name="mul3"/></StgValue>
</operation>
</state>

<state id="19" st_id="19">

<operation id="75" st_id="19" stage="1" lat="4">
<core>FMul_maxdsp</core>
<MemPortIdVec></MemPortIdVec>
<condition id="-1">
<or_exp><and_exp></and_exp></or_exp>
</condition>

<Node id="38" bw="32" op_0_bw="32" op_1_bw="32">
<![CDATA[
entry:36 %mul3 = fmul i32 %conv2, i32 %select_ln15

]]></Node>
<StgValue><ssdm name="mul3"/></StgValue>
</operation>
</state>

<state id="20" st_id="20">

<operation id="76" st_id="20" stage="1" lat="1">
<core>Sel</core>
<MemPortIdVec></MemPortIdVec>
<condition id="-1">
<or_exp><and_exp></and_exp></or_exp>
</condition>

<Node id="39" bw="32" op_0_bw="1" op_1_bw="32" op_2_bw="32">
<![CDATA[
entry:37 %select_ln15_1 = select i1 %tmp_1, i32 -1.43926e+06, i32 0

]]></Node>
<StgValue><ssdm name="select_ln15_1"/></StgValue>
</operation>

<operation id="77" st_id="20" stage="5" lat="5">
<core>FAddSub_fulldsp</core>
<MemPortIdVec></MemPortIdVec>
<condition id="-1">
<or_exp><and_exp></and_exp></or_exp>
</condition>

<Node id="40" bw="32" op_0_bw="32" op_1_bw="32">
<![CDATA[
entry:38 %dc_1 = fadd i32 %mul3, i32 %select_ln15_1

]]></Node>
<StgValue><ssdm name="dc_1"/></StgValue>
</operation>
</state>

<state id="21" st_id="21">

<operation id="78" st_id="21" stage="4" lat="5">
<core>FAddSub_fulldsp</core>
<MemPortIdVec></MemPortIdVec>
<condition id="-1">
<or_exp><and_exp></and_exp></or_exp>
</condition>

<Node id="40" bw="32" op_0_bw="32" op_1_bw="32">
<![CDATA[
entry:38 %dc_1 = fadd i32 %mul3, i32 %select_ln15_1

]]></Node>
<StgValue><ssdm name="dc_1"/></StgValue>
</operation>
</state>

<state id="22" st_id="22">

<operation id="79" st_id="22" stage="3" lat="5">
<core>FAddSub_fulldsp</core>
<MemPortIdVec></MemPortIdVec>
<condition id="-1">
<or_exp><and_exp></and_exp></or_exp>
</condition>

<Node id="40" bw="32" op_0_bw="32" op_1_bw="32">
<![CDATA[
entry:38 %dc_1 = fadd i32 %mul3, i32 %select_ln15_1

]]></Node>
<StgValue><ssdm name="dc_1"/></StgValue>
</operation>
</state>

<state id="23" st_id="23">

<operation id="80" st_id="23" stage="2" lat="5">
<core>FAddSub_fulldsp</core>
<MemPortIdVec></MemPortIdVec>
<condition id="-1">
<or_exp><and_exp></and_exp></or_exp>
</condition>

<Node id="40" bw="32" op_0_bw="32" op_1_bw="32">
<![CDATA[
entry:38 %dc_1 = fadd i32 %mul3, i32 %select_ln15_1

]]></Node>
<StgValue><ssdm name="dc_1"/></StgValue>
</operation>
</state>

<state id="24" st_id="24">

<operation id="81" st_id="24" stage="1" lat="5">
<core>FAddSub_fulldsp</core>
<MemPortIdVec></MemPortIdVec>
<condition id="-1">
<or_exp><and_exp></and_exp></or_exp>
</condition>

<Node id="40" bw="32" op_0_bw="32" op_1_bw="32">
<![CDATA[
entry:38 %dc_1 = fadd i32 %mul3, i32 %select_ln15_1

]]></Node>
<StgValue><ssdm name="dc_1"/></StgValue>
</operation>
</state>

<state id="25" st_id="25">

<operation id="82" st_id="25" stage="1" lat="1">
<core>NULL</core>
<MemPortIdVec></MemPortIdVec>
<condition id="-1">
<or_exp><and_exp></and_exp></or_exp>
</condition>

<Node id="41" bw="32" op_0_bw="32">
<![CDATA[
entry:39 %data_V_1 = bitcast i32 %dc_1

]]></Node>
<StgValue><ssdm name="data_V_1"/></StgValue>
</operation>

<operation id="83" st_id="25" stage="1" lat="1">
<core>NULL</core>
<MemPortIdVec></MemPortIdVec>
<condition id="-1">
<or_exp><and_exp></and_exp></or_exp>
</condition>

<Node id="42" bw="1" op_0_bw="1" op_1_bw="32" op_2_bw="32">
<![CDATA[
entry:40 %p_Result_2 = bitselect i1 @_ssdm_op_BitSelect.i1.i32.i32, i32 %data_V_1, i32 31

]]></Node>
<StgValue><ssdm name="p_Result_2"/></StgValue>
</operation>

<operation id="84" st_id="25" stage="1" lat="1">
<core>NULL</core>
<MemPortIdVec></MemPortIdVec>
<condition id="-1">
<or_exp><and_exp></and_exp></or_exp>
</condition>

<Node id="43" bw="8" op_0_bw="8" op_1_bw="32" op_2_bw="32" op_3_bw="32">
<![CDATA[
entry:41 %xs_exp_V_1 = partselect i8 @_ssdm_op_PartSelect.i8.i32.i32.i32, i32 %data_V_1, i32 23, i32 30

]]></Node>
<StgValue><ssdm name="xs_exp_V_1"/></StgValue>
</operation>

<operation id="85" st_id="25" stage="1" lat="1">
<core>NULL</core>
<MemPortIdVec></MemPortIdVec>
<condition id="-1">
<or_exp><and_exp></and_exp></or_exp>
</condition>

<Node id="44" bw="23" op_0_bw="32">
<![CDATA[
entry:42 %p_Result_3 = trunc i32 %data_V_1

]]></Node>
<StgValue><ssdm name="p_Result_3"/></StgValue>
</operation>

<operation id="86" st_id="25" stage="1" lat="1">
<core>NULL</core>
<MemPortIdVec></MemPortIdVec>
<condition id="-1">
<or_exp><and_exp></and_exp></or_exp>
</condition>

<Node id="45" bw="25" op_0_bw="25" op_1_bw="1" op_2_bw="23" op_3_bw="1">
<![CDATA[
entry:43 %mantissa_1 = bitconcatenate i25 @_ssdm_op_BitConcatenate.i25.i1.i23.i1, i1 1, i23 %p_Result_3, i1 0

]]></Node>
<StgValue><ssdm name="mantissa_1"/></StgValue>
</operation>

<operation id="87" st_id="25" stage="1" lat="1">
<core>NULL</core>
<MemPortIdVec></MemPortIdVec>
<condition id="-1">
<or_exp><and_exp></and_exp></or_exp>
</condition>

<Node id="46" bw="79" op_0_bw="25">
<![CDATA[
entry:44 %zext_ln15_1 = zext i25 %mantissa_1

]]></Node>
<StgValue><ssdm name="zext_ln15_1"/></StgValue>
</operation>

<operation id="88" st_id="25" stage="1" lat="1">
<core>NULL</core>
<MemPortIdVec></MemPortIdVec>
<condition id="-1">
<or_exp><and_exp></and_exp></or_exp>
</condition>

<Node id="47" bw="9" op_0_bw="8">
<![CDATA[
entry:45 %zext_ln346_1 = zext i8 %xs_exp_V_1

]]></Node>
<StgValue><ssdm name="zext_ln346_1"/></StgValue>
</operation>

<operation id="89" st_id="25" stage="1" lat="1">
<core>Adder</core>
<MemPortIdVec></MemPortIdVec>
<condition id="-1">
<or_exp><and_exp></and_exp></or_exp>
</condition>

<Node id="48" bw="9" op_0_bw="9" op_1_bw="9">
<![CDATA[
entry:46 %add_ln346_1 = add i9 %zext_ln346_1, i9 385

]]></Node>
<StgValue><ssdm name="add_ln346_1"/></StgValue>
</operation>

<operation id="90" st_id="25" stage="1" lat="1">
<core>NULL</core>
<MemPortIdVec></MemPortIdVec>
<condition id="-1">
<or_exp><and_exp></and_exp></or_exp>
</condition>

<Node id="49" bw="1" op_0_bw="1" op_1_bw="9" op_2_bw="32">
<![CDATA[
entry:47 %isNeg_1 = bitselect i1 @_ssdm_op_BitSelect.i1.i9.i32, i9 %add_ln346_1, i32 8

]]></Node>
<StgValue><ssdm name="isNeg_1"/></StgValue>
</operation>

<operation id="91" st_id="25" stage="1" lat="1">
<core>Adder</core>
<MemPortIdVec></MemPortIdVec>
<condition id="-1">
<or_exp><and_exp></and_exp></or_exp>
</condition>

<Node id="50" bw="8" op_0_bw="8" op_1_bw="8">
<![CDATA[
entry:48 %sub_ln1512_1 = sub i8 127, i8 %xs_exp_V_1

]]></Node>
<StgValue><ssdm name="sub_ln1512_1"/></StgValue>
</operation>

<operation id="92" st_id="25" stage="1" lat="1">
<core>NULL</core>
<MemPortIdVec></MemPortIdVec>
<condition id="-1">
<or_exp><and_exp></and_exp></or_exp>
</condition>

<Node id="51" bw="9" op_0_bw="8">
<![CDATA[
entry:49 %sext_ln1512_1 = sext i8 %sub_ln1512_1

]]></Node>
<StgValue><ssdm name="sext_ln1512_1"/></StgValue>
</operation>

<operation id="93" st_id="25" stage="1" lat="1">
<core>Sel</core>
<MemPortIdVec></MemPortIdVec>
<condition id="-1">
<or_exp><and_exp></and_exp></or_exp>
</condition>

<Node id="52" bw="9" op_0_bw="1" op_1_bw="9" op_2_bw="9">
<![CDATA[
entry:50 %ush_1 = select i1 %isNeg_1, i9 %sext_ln1512_1, i9 %add_ln346_1

]]></Node>
<StgValue><ssdm name="ush_1"/></StgValue>
</operation>

<operation id="94" st_id="25" stage="1" lat="1">
<core>NULL</core>
<MemPortIdVec></MemPortIdVec>
<condition id="-1">
<or_exp><and_exp></and_exp></or_exp>
</condition>

<Node id="53" bw="32" op_0_bw="9">
<![CDATA[
entry:51 %sext_ln1488_1 = sext i9 %ush_1

]]></Node>
<StgValue><ssdm name="sext_ln1488_1"/></StgValue>
</operation>

<operation id="95" st_id="25" stage="1" lat="1">
<core>NULL</core>
<MemPortIdVec></MemPortIdVec>
<condition id="-1">
<or_exp><and_exp></and_exp></or_exp>
</condition>

<Node id="54" bw="79" op_0_bw="32">
<![CDATA[
entry:52 %zext_ln1488_1 = zext i32 %sext_ln1488_1

]]></Node>
<StgValue><ssdm name="zext_ln1488_1"/></StgValue>
</operation>

<operation id="96" st_id="25" stage="1" lat="1">
<core>Shifter</core>
<MemPortIdVec></MemPortIdVec>
<condition id="-1">
<or_exp><and_exp></and_exp></or_exp>
</condition>

<Node id="55" bw="79" op_0_bw="79" op_1_bw="79">
<![CDATA[
entry:53 %r_V_2 = lshr i79 %zext_ln15_1, i79 %zext_ln1488_1

]]></Node>
<StgValue><ssdm name="r_V_2"/></StgValue>
</operation>

<operation id="97" st_id="25" stage="1" lat="1">
<core>Shifter</core>
<MemPortIdVec></MemPortIdVec>
<condition id="-1">
<or_exp><and_exp></and_exp></or_exp>
</condition>

<Node id="56" bw="79" op_0_bw="79" op_1_bw="79">
<![CDATA[
entry:54 %r_V_3 = shl i79 %zext_ln15_1, i79 %zext_ln1488_1

]]></Node>
<StgValue><ssdm name="r_V_3"/></StgValue>
</operation>

<operation id="98" st_id="25" stage="1" lat="1">
<core>NULL</core>
<MemPortIdVec></MemPortIdVec>
<condition id="-1">
<or_exp><and_exp></and_exp></or_exp>
</condition>

<Node id="57" bw="1" op_0_bw="1" op_1_bw="79" op_2_bw="32">
<![CDATA[
entry:55 %tmp_8 = bitselect i1 @_ssdm_op_BitSelect.i1.i79.i32, i79 %r_V_2, i32 24

]]></Node>
<StgValue><ssdm name="tmp_8"/></StgValue>
</operation>

<operation id="99" st_id="25" stage="1" lat="1">
<core>NULL</core>
<MemPortIdVec></MemPortIdVec>
<condition id="-1">
<or_exp><and_exp></and_exp></or_exp>
</condition>

<Node id="58" bw="32" op_0_bw="1">
<![CDATA[
entry:56 %zext_ln818_1 = zext i1 %tmp_8

]]></Node>
<StgValue><ssdm name="zext_ln818_1"/></StgValue>
</operation>

<operation id="100" st_id="25" stage="1" lat="1">
<core>NULL</core>
<MemPortIdVec></MemPortIdVec>
<condition id="-1">
<or_exp><and_exp></and_exp></or_exp>
</condition>

<Node id="59" bw="32" op_0_bw="32" op_1_bw="79" op_2_bw="32" op_3_bw="32">
<![CDATA[
entry:57 %tmp_7 = partselect i32 @_ssdm_op_PartSelect.i32.i79.i32.i32, i79 %r_V_3, i32 24, i32 55

]]></Node>
<StgValue><ssdm name="tmp_7"/></StgValue>
</operation>

<operation id="101" st_id="25" stage="1" lat="1">
<core>Sel</core>
<MemPortIdVec></MemPortIdVec>
<condition id="-1">
<or_exp><and_exp></and_exp></or_exp>
</condition>

<Node id="60" bw="32" op_0_bw="1" op_1_bw="32" op_2_bw="32">
<![CDATA[
entry:58 %val_1 = select i1 %isNeg_1, i32 %zext_ln818_1, i32 %tmp_7

]]></Node>
<StgValue><ssdm name="val_1"/></StgValue>
</operation>

<operation id="102" st_id="25" stage="1" lat="1">
<core>Adder</core>
<MemPortIdVec></MemPortIdVec>
<condition id="-1">
<or_exp><and_exp></and_exp></or_exp>
</condition>

<Node id="61" bw="32" op_0_bw="32" op_1_bw="32">
<![CDATA[
entry:59 %result_V_6 = sub i32 0, i32 %val_1

]]></Node>
<StgValue><ssdm name="result_V_6"/></StgValue>
</operation>
</state>

<state id="26" st_id="26">

<operation id="103" st_id="26" stage="1" lat="1">
<core>NULL</core>
<MemPortIdVec></MemPortIdVec>
<condition id="-1">
<or_exp><and_exp></and_exp></or_exp>
</condition>

<Node id="33" bw="31" op_0_bw="31" op_1_bw="8" op_2_bw="23">
<![CDATA[
entry:31 %zii = bitconcatenate i31 @_ssdm_op_BitConcatenate.i31.i8.i23, i8 %tmp_4, i23 0

]]></Node>
<StgValue><ssdm name="zii"/></StgValue>
</operation>

<operation id="104" st_id="26" stage="1" lat="1">
<core>Sel</core>
<MemPortIdVec></MemPortIdVec>
<condition id="-1">
<or_exp><and_exp></and_exp></or_exp>
</condition>

<Node id="62" bw="32" op_0_bw="1" op_1_bw="32" op_2_bw="32">
<![CDATA[
entry:60 %result_V_7 = select i1 %p_Result_2, i32 %result_V_6, i32 %val_1

]]></Node>
<StgValue><ssdm name="result_V_7"/></StgValue>
</operation>

<operation id="105" st_id="26" stage="1" lat="1">
<core>NULL</core>
<MemPortIdVec></MemPortIdVec>
<condition id="-1">
<or_exp><and_exp></and_exp></or_exp>
</condition>

<Node id="63" bw="31" op_0_bw="32">
<![CDATA[
entry:61 %trunc_ln16 = trunc i32 %result_V_7

]]></Node>
<StgValue><ssdm name="trunc_ln16"/></StgValue>
</operation>

<operation id="106" st_id="26" stage="1" lat="1">
<core>LogicGate</core>
<MemPortIdVec></MemPortIdVec>
<condition id="-1">
<or_exp><and_exp></and_exp></or_exp>
</condition>

<Node id="64" bw="31" op_0_bw="31" op_1_bw="31">
<![CDATA[
entry:62 %or_ln16 = or i31 %trunc_ln16, i31 %zii

]]></Node>
<StgValue><ssdm name="or_ln16"/></StgValue>
</operation>

<operation id="107" st_id="26" stage="1" lat="1">
<core>NULL</core>
<MemPortIdVec></MemPortIdVec>
<condition id="-1">
<or_exp><and_exp></and_exp></or_exp>
</condition>

<Node id="65" bw="1" op_0_bw="1" op_1_bw="32" op_2_bw="32">
<![CDATA[
entry:63 %tmp_9 = bitselect i1 @_ssdm_op_BitSelect.i1.i32.i32, i32 %result_V_7, i32 31

]]></Node>
<StgValue><ssdm name="tmp_9"/></StgValue>
</operation>

<operation id="108" st_id="26" stage="1" lat="1">
<core>NULL</core>
<MemPortIdVec></MemPortIdVec>
<condition id="-1">
<or_exp><and_exp></and_exp></or_exp>
</condition>

<Node id="66" bw="32" op_0_bw="32" op_1_bw="1" op_2_bw="31">
<![CDATA[
entry:64 %zii_1 = bitconcatenate i32 @_ssdm_op_BitConcatenate.i32.i1.i31, i1 %tmp_9, i31 %or_ln16

]]></Node>
<StgValue><ssdm name="zii_1"/></StgValue>
</operation>

<operation id="109" st_id="26" stage="1" lat="1">
<core>NULL</core>
<MemPortIdVec></MemPortIdVec>
<condition id="-1">
<or_exp><and_exp></and_exp></or_exp>
</condition>

<Node id="67" bw="32" op_0_bw="32">
<![CDATA[
entry:65 %y = bitcast i32 %zii_1

]]></Node>
<StgValue><ssdm name="y"/></StgValue>
</operation>

<operation id="110" st_id="26" stage="4" lat="4">
<core>FMul_maxdsp</core>
<MemPortIdVec></MemPortIdVec>
<condition id="-1">
<or_exp><and_exp></and_exp></or_exp>
</condition>

<Node id="68" bw="32" op_0_bw="32" op_1_bw="32">
<![CDATA[
entry:66 %y_1 = fmul i32 %y, i32 0.992561

]]></Node>
<StgValue><ssdm name="y_1"/></StgValue>
</operation>
</state>

<state id="27" st_id="27">

<operation id="111" st_id="27" stage="3" lat="4">
<core>FMul_maxdsp</core>
<MemPortIdVec></MemPortIdVec>
<condition id="-1">
<or_exp><and_exp></and_exp></or_exp>
</condition>

<Node id="68" bw="32" op_0_bw="32" op_1_bw="32">
<![CDATA[
entry:66 %y_1 = fmul i32 %y, i32 0.992561

]]></Node>
<StgValue><ssdm name="y_1"/></StgValue>
</operation>
</state>

<state id="28" st_id="28">

<operation id="112" st_id="28" stage="2" lat="4">
<core>FMul_maxdsp</core>
<MemPortIdVec></MemPortIdVec>
<condition id="-1">
<or_exp><and_exp></and_exp></or_exp>
</condition>

<Node id="68" bw="32" op_0_bw="32" op_1_bw="32">
<![CDATA[
entry:66 %y_1 = fmul i32 %y, i32 0.992561

]]></Node>
<StgValue><ssdm name="y_1"/></StgValue>
</operation>
</state>

<state id="29" st_id="29">

<operation id="113" st_id="29" stage="1" lat="1">
<core>NULL</core>
<MemPortIdVec></MemPortIdVec>
<condition id="-1">
<or_exp><and_exp></and_exp></or_exp>
</condition>

<Node id="2" bw="0" op_0_bw="0" op_1_bw="32">
<![CDATA[
entry:0 %specbitsmap_ln0 = specbitsmap void @_ssdm_op_SpecBitsMap, i32 0

]]></Node>
<StgValue><ssdm name="specbitsmap_ln0"/></StgValue>
</operation>

<operation id="114" st_id="29" stage="1" lat="1">
<core>NULL</core>
<MemPortIdVec></MemPortIdVec>
<condition id="-1">
<or_exp><and_exp></and_exp></or_exp>
</condition>

<Node id="3" bw="0" op_0_bw="0" op_1_bw="0">
<![CDATA[
entry:1 %spectopmodule_ln7 = spectopmodule void @_ssdm_op_SpecTopModule, void @empty_1

]]></Node>
<StgValue><ssdm name="spectopmodule_ln7"/></StgValue>
</operation>

<operation id="115" st_id="29" stage="1" lat="1">
<core>NULL</core>
<MemPortIdVec></MemPortIdVec>
<condition id="-1">
<or_exp><and_exp></and_exp></or_exp>
</condition>

<Node id="4" bw="0" op_0_bw="0" op_1_bw="32">
<![CDATA[
entry:2 %specbitsmap_ln0 = specbitsmap void @_ssdm_op_SpecBitsMap, i32 %x

]]></Node>
<StgValue><ssdm name="specbitsmap_ln0"/></StgValue>
</operation>

<operation id="116" st_id="29" stage="1" lat="1">
<core>NULL</core>
<MemPortIdVec></MemPortIdVec>
<condition id="-1">
<or_exp><and_exp></and_exp></or_exp>
</condition>

<Node id="5" bw="0" op_0_bw="0" op_1_bw="32" op_2_bw="0" op_3_bw="32" op_4_bw="32" op_5_bw="0" op_6_bw="32" op_7_bw="32" op_8_bw="0" op_9_bw="0" op_10_bw="0" op_11_bw="32" op_12_bw="32" op_13_bw="32" op_14_bw="32" op_15_bw="0" op_16_bw="0" op_17_bw="32" op_18_bw="32">
<![CDATA[
entry:3 %specinterface_ln0 = specinterface void @_ssdm_op_SpecInterface, i32 %x, void @empty, i32 0, i32 0, void @empty_0, i32 0, i32 0, void @empty_0, void @empty_0, void @empty_0, i32 0, i32 0, i32 0, i32 0, void @empty_0, void @empty_0, i32 4294967295, i32 0

]]></Node>
<StgValue><ssdm name="specinterface_ln0"/></StgValue>
</operation>

<operation id="117" st_id="29" stage="1" lat="4">
<core>FMul_maxdsp</core>
<MemPortIdVec></MemPortIdVec>
<condition id="-1">
<or_exp><and_exp></and_exp></or_exp>
</condition>

<Node id="68" bw="32" op_0_bw="32" op_1_bw="32">
<![CDATA[
entry:66 %y_1 = fmul i32 %y, i32 0.992561

]]></Node>
<StgValue><ssdm name="y_1"/></StgValue>
</operation>

<operation id="118" st_id="29" stage="1" lat="1">
<core>NULL</core>
<MemPortIdVec></MemPortIdVec>
<condition id="-1">
<or_exp><and_exp></and_exp></or_exp>
</condition>

<Node id="69" bw="0" op_0_bw="32">
<![CDATA[
entry:67 %ret_ln19 = ret i32 %y_1

]]></Node>
<StgValue><ssdm name="ret_ln19"/></StgValue>
</operation>
</state>
</state_list>


<ports>
<port id="147" name="x" dir="0" iftype="0">
<core>NULL</core><StgValue><ssdm name="x"/></StgValue>
</port>
</ports>


<dataflows>
<dataflow id="149" from="_ssdm_op_Read.ap_auto.float" to="x_read" fromId="148" toId="30">
</dataflow>
<dataflow id="150" from="x" to="x_read" fromId="147" toId="30">
</dataflow>
<dataflow id="151" from="x_read" to="mul" fromId="30" toId="31">
</dataflow>
<dataflow id="153" from="StgValue_152" to="mul" fromId="152" toId="31">
</dataflow>
<dataflow id="154" from="x_read" to="mul" fromId="30" toId="32">
</dataflow>
<dataflow id="155" from="StgValue_152" to="mul" fromId="152" toId="32">
</dataflow>
<dataflow id="156" from="x_read" to="mul" fromId="30" toId="33">
</dataflow>
<dataflow id="157" from="StgValue_152" to="mul" fromId="152" toId="33">
</dataflow>
<dataflow id="158" from="x_read" to="mul" fromId="30" toId="34">
</dataflow>
<dataflow id="159" from="StgValue_152" to="mul" fromId="152" toId="34">
</dataflow>
<dataflow id="160" from="mul" to="dc" fromId="34" toId="35">
</dataflow>
<dataflow id="162" from="StgValue_161" to="dc" fromId="161" toId="35">
</dataflow>
<dataflow id="163" from="mul" to="dc" fromId="34" toId="36">
</dataflow>
<dataflow id="164" from="StgValue_161" to="dc" fromId="161" toId="36">
</dataflow>
<dataflow id="165" from="mul" to="dc" fromId="34" toId="37">
</dataflow>
<dataflow id="166" from="StgValue_161" to="dc" fromId="161" toId="37">
</dataflow>
<dataflow id="167" from="mul" to="dc" fromId="34" toId="38">
</dataflow>
<dataflow id="168" from="StgValue_161" to="dc" fromId="161" toId="38">
</dataflow>
<dataflow id="169" from="mul" to="dc" fromId="34" toId="39">
</dataflow>
<dataflow id="170" from="StgValue_161" to="dc" fromId="161" toId="39">
</dataflow>
<dataflow id="171" from="dc" to="data_V" fromId="39" toId="40">
</dataflow>
<dataflow id="173" from="_ssdm_op_BitSelect.i1.i32.i32" to="p_Result_s" fromId="172" toId="41">
</dataflow>
<dataflow id="174" from="data_V" to="p_Result_s" fromId="40" toId="41">
</dataflow>
<dataflow id="176" from="StgValue_175" to="p_Result_s" fromId="175" toId="41">
</dataflow>
<dataflow id="178" from="_ssdm_op_PartSelect.i8.i32.i32.i32" to="xs_exp_V" fromId="177" toId="42">
</dataflow>
<dataflow id="179" from="data_V" to="xs_exp_V" fromId="40" toId="42">
</dataflow>
<dataflow id="181" from="StgValue_180" to="xs_exp_V" fromId="180" toId="42">
</dataflow>
<dataflow id="183" from="StgValue_182" to="xs_exp_V" fromId="182" toId="42">
</dataflow>
<dataflow id="184" from="data_V" to="p_Result_1" fromId="40" toId="43">
</dataflow>
<dataflow id="186" from="_ssdm_op_BitConcatenate.i25.i1.i23.i1" to="mantissa" fromId="185" toId="44">
</dataflow>
<dataflow id="188" from="StgValue_187" to="mantissa" fromId="187" toId="44">
</dataflow>
<dataflow id="189" from="p_Result_1" to="mantissa" fromId="43" toId="44">
</dataflow>
<dataflow id="191" from="StgValue_190" to="mantissa" fromId="190" toId="44">
</dataflow>
<dataflow id="192" from="mantissa" to="zext_ln15" fromId="44" toId="45">
</dataflow>
<dataflow id="193" from="xs_exp_V" to="zext_ln346" fromId="42" toId="46">
</dataflow>
<dataflow id="194" from="zext_ln346" to="add_ln346" fromId="46" toId="47">
</dataflow>
<dataflow id="196" from="StgValue_195" to="add_ln346" fromId="195" toId="47">
</dataflow>
<dataflow id="198" from="_ssdm_op_BitSelect.i1.i9.i32" to="isNeg" fromId="197" toId="48">
</dataflow>
<dataflow id="199" from="add_ln346" to="isNeg" fromId="47" toId="48">
</dataflow>
<dataflow id="201" from="StgValue_200" to="isNeg" fromId="200" toId="48">
</dataflow>
<dataflow id="203" from="StgValue_202" to="sub_ln1512" fromId="202" toId="49">
</dataflow>
<dataflow id="204" from="xs_exp_V" to="sub_ln1512" fromId="42" toId="49">
</dataflow>
<dataflow id="205" from="sub_ln1512" to="sext_ln1512" fromId="49" toId="50">
</dataflow>
<dataflow id="206" from="isNeg" to="ush" fromId="48" toId="51">
</dataflow>
<dataflow id="207" from="sext_ln1512" to="ush" fromId="50" toId="51">
</dataflow>
<dataflow id="208" from="add_ln346" to="ush" fromId="47" toId="51">
</dataflow>
<dataflow id="209" from="ush" to="sext_ln1488" fromId="51" toId="52">
</dataflow>
<dataflow id="210" from="sext_ln1488" to="zext_ln1488" fromId="52" toId="53">
</dataflow>
<dataflow id="211" from="zext_ln15" to="r_V" fromId="45" toId="54">
</dataflow>
<dataflow id="212" from="zext_ln1488" to="r_V" fromId="53" toId="54">
</dataflow>
<dataflow id="213" from="zext_ln15" to="r_V_1" fromId="45" toId="55">
</dataflow>
<dataflow id="214" from="zext_ln1488" to="r_V_1" fromId="53" toId="55">
</dataflow>
<dataflow id="216" from="_ssdm_op_BitSelect.i1.i79.i32" to="tmp" fromId="215" toId="56">
</dataflow>
<dataflow id="217" from="r_V" to="tmp" fromId="54" toId="56">
</dataflow>
<dataflow id="219" from="StgValue_218" to="tmp" fromId="218" toId="56">
</dataflow>
<dataflow id="220" from="tmp" to="zext_ln818" fromId="56" toId="57">
</dataflow>
<dataflow id="222" from="_ssdm_op_PartSelect.i31.i79.i32.i32" to="tmp_3" fromId="221" toId="58">
</dataflow>
<dataflow id="223" from="r_V_1" to="tmp_3" fromId="55" toId="58">
</dataflow>
<dataflow id="224" from="StgValue_218" to="tmp_3" fromId="218" toId="58">
</dataflow>
<dataflow id="226" from="StgValue_225" to="tmp_3" fromId="225" toId="58">
</dataflow>
<dataflow id="227" from="isNeg" to="val" fromId="48" toId="59">
</dataflow>
<dataflow id="228" from="zext_ln818" to="val" fromId="57" toId="59">
</dataflow>
<dataflow id="229" from="tmp_3" to="val" fromId="58" toId="59">
</dataflow>
<dataflow id="231" from="StgValue_230" to="result_V_2" fromId="230" toId="60">
</dataflow>
<dataflow id="232" from="val" to="result_V_2" fromId="59" toId="60">
</dataflow>
<dataflow id="233" from="p_Result_s" to="result_V" fromId="41" toId="61">
</dataflow>
<dataflow id="234" from="result_V_2" to="result_V" fromId="60" toId="61">
</dataflow>
<dataflow id="235" from="val" to="result_V" fromId="59" toId="61">
</dataflow>
<dataflow id="236" from="result_V" to="zif" fromId="61" toId="62">
</dataflow>
<dataflow id="238" from="_ssdm_op_PartSelect.i8.i31.i32.i32" to="tmp_4" fromId="237" toId="63">
</dataflow>
<dataflow id="239" from="result_V" to="tmp_4" fromId="61" toId="63">
</dataflow>
<dataflow id="240" from="StgValue_180" to="tmp_4" fromId="180" toId="63">
</dataflow>
<dataflow id="241" from="StgValue_182" to="tmp_4" fromId="182" toId="63">
</dataflow>
<dataflow id="242" from="zif" to="zext_ln13" fromId="62" toId="64">
</dataflow>
<dataflow id="243" from="zext_ln13" to="conv2" fromId="64" toId="65">
</dataflow>
<dataflow id="245" from="_ssdm_op_BitSelect.i1.i31.i32" to="tmp_1" fromId="244" toId="66">
</dataflow>
<dataflow id="246" from="result_V" to="tmp_1" fromId="61" toId="66">
</dataflow>
<dataflow id="248" from="StgValue_247" to="tmp_1" fromId="247" toId="66">
</dataflow>
<dataflow id="249" from="zext_ln13" to="conv2" fromId="64" toId="67">
</dataflow>
<dataflow id="250" from="zext_ln13" to="conv2" fromId="64" toId="68">
</dataflow>
<dataflow id="251" from="zext_ln13" to="conv2" fromId="64" toId="69">
</dataflow>
<dataflow id="252" from="zext_ln13" to="conv2" fromId="64" toId="70">
</dataflow>
<dataflow id="253" from="tmp_1" to="select_ln15" fromId="66" toId="71">
</dataflow>
<dataflow id="255" from="StgValue_254" to="select_ln15" fromId="254" toId="71">
</dataflow>
<dataflow id="257" from="StgValue_256" to="select_ln15" fromId="256" toId="71">
</dataflow>
<dataflow id="258" from="conv2" to="mul3" fromId="70" toId="72">
</dataflow>
<dataflow id="259" from="select_ln15" to="mul3" fromId="71" toId="72">
</dataflow>
<dataflow id="260" from="conv2" to="mul3" fromId="70" toId="73">
</dataflow>
<dataflow id="261" from="select_ln15" to="mul3" fromId="71" toId="73">
</dataflow>
<dataflow id="262" from="conv2" to="mul3" fromId="70" toId="74">
</dataflow>
<dataflow id="263" from="select_ln15" to="mul3" fromId="71" toId="74">
</dataflow>
<dataflow id="264" from="conv2" to="mul3" fromId="70" toId="75">
</dataflow>
<dataflow id="265" from="select_ln15" to="mul3" fromId="71" toId="75">
</dataflow>
<dataflow id="266" from="tmp_1" to="select_ln15_1" fromId="66" toId="76">
</dataflow>
<dataflow id="268" from="StgValue_267" to="select_ln15_1" fromId="267" toId="76">
</dataflow>
<dataflow id="270" from="StgValue_269" to="select_ln15_1" fromId="269" toId="76">
</dataflow>
<dataflow id="271" from="mul3" to="dc_1" fromId="75" toId="77">
</dataflow>
<dataflow id="272" from="select_ln15_1" to="dc_1" fromId="76" toId="77">
</dataflow>
<dataflow id="273" from="mul3" to="dc_1" fromId="75" toId="78">
</dataflow>
<dataflow id="274" from="select_ln15_1" to="dc_1" fromId="76" toId="78">
</dataflow>
<dataflow id="275" from="mul3" to="dc_1" fromId="75" toId="79">
</dataflow>
<dataflow id="276" from="select_ln15_1" to="dc_1" fromId="76" toId="79">
</dataflow>
<dataflow id="277" from="mul3" to="dc_1" fromId="75" toId="80">
</dataflow>
<dataflow id="278" from="select_ln15_1" to="dc_1" fromId="76" toId="80">
</dataflow>
<dataflow id="279" from="mul3" to="dc_1" fromId="75" toId="81">
</dataflow>
<dataflow id="280" from="select_ln15_1" to="dc_1" fromId="76" toId="81">
</dataflow>
<dataflow id="281" from="dc_1" to="data_V_1" fromId="81" toId="82">
</dataflow>
<dataflow id="282" from="_ssdm_op_BitSelect.i1.i32.i32" to="p_Result_2" fromId="172" toId="83">
</dataflow>
<dataflow id="283" from="data_V_1" to="p_Result_2" fromId="82" toId="83">
</dataflow>
<dataflow id="284" from="StgValue_175" to="p_Result_2" fromId="175" toId="83">
</dataflow>
<dataflow id="285" from="_ssdm_op_PartSelect.i8.i32.i32.i32" to="xs_exp_V_1" fromId="177" toId="84">
</dataflow>
<dataflow id="286" from="data_V_1" to="xs_exp_V_1" fromId="82" toId="84">
</dataflow>
<dataflow id="287" from="StgValue_180" to="xs_exp_V_1" fromId="180" toId="84">
</dataflow>
<dataflow id="288" from="StgValue_182" to="xs_exp_V_1" fromId="182" toId="84">
</dataflow>
<dataflow id="289" from="data_V_1" to="p_Result_3" fromId="82" toId="85">
</dataflow>
<dataflow id="290" from="_ssdm_op_BitConcatenate.i25.i1.i23.i1" to="mantissa_1" fromId="185" toId="86">
</dataflow>
<dataflow id="291" from="StgValue_187" to="mantissa_1" fromId="187" toId="86">
</dataflow>
<dataflow id="292" from="p_Result_3" to="mantissa_1" fromId="85" toId="86">
</dataflow>
<dataflow id="293" from="StgValue_190" to="mantissa_1" fromId="190" toId="86">
</dataflow>
<dataflow id="294" from="mantissa_1" to="zext_ln15_1" fromId="86" toId="87">
</dataflow>
<dataflow id="295" from="xs_exp_V_1" to="zext_ln346_1" fromId="84" toId="88">
</dataflow>
<dataflow id="296" from="zext_ln346_1" to="add_ln346_1" fromId="88" toId="89">
</dataflow>
<dataflow id="297" from="StgValue_195" to="add_ln346_1" fromId="195" toId="89">
</dataflow>
<dataflow id="298" from="_ssdm_op_BitSelect.i1.i9.i32" to="isNeg_1" fromId="197" toId="90">
</dataflow>
<dataflow id="299" from="add_ln346_1" to="isNeg_1" fromId="89" toId="90">
</dataflow>
<dataflow id="300" from="StgValue_200" to="isNeg_1" fromId="200" toId="90">
</dataflow>
<dataflow id="301" from="StgValue_202" to="sub_ln1512_1" fromId="202" toId="91">
</dataflow>
<dataflow id="302" from="xs_exp_V_1" to="sub_ln1512_1" fromId="84" toId="91">
</dataflow>
<dataflow id="303" from="sub_ln1512_1" to="sext_ln1512_1" fromId="91" toId="92">
</dataflow>
<dataflow id="304" from="isNeg_1" to="ush_1" fromId="90" toId="93">
</dataflow>
<dataflow id="305" from="sext_ln1512_1" to="ush_1" fromId="92" toId="93">
</dataflow>
<dataflow id="306" from="add_ln346_1" to="ush_1" fromId="89" toId="93">
</dataflow>
<dataflow id="307" from="ush_1" to="sext_ln1488_1" fromId="93" toId="94">
</dataflow>
<dataflow id="308" from="sext_ln1488_1" to="zext_ln1488_1" fromId="94" toId="95">
</dataflow>
<dataflow id="309" from="zext_ln15_1" to="r_V_2" fromId="87" toId="96">
</dataflow>
<dataflow id="310" from="zext_ln1488_1" to="r_V_2" fromId="95" toId="96">
</dataflow>
<dataflow id="311" from="zext_ln15_1" to="r_V_3" fromId="87" toId="97">
</dataflow>
<dataflow id="312" from="zext_ln1488_1" to="r_V_3" fromId="95" toId="97">
</dataflow>
<dataflow id="313" from="_ssdm_op_BitSelect.i1.i79.i32" to="tmp_8" fromId="215" toId="98">
</dataflow>
<dataflow id="314" from="r_V_2" to="tmp_8" fromId="96" toId="98">
</dataflow>
<dataflow id="315" from="StgValue_218" to="tmp_8" fromId="218" toId="98">
</dataflow>
<dataflow id="316" from="tmp_8" to="zext_ln818_1" fromId="98" toId="99">
</dataflow>
<dataflow id="318" from="_ssdm_op_PartSelect.i32.i79.i32.i32" to="tmp_7" fromId="317" toId="100">
</dataflow>
<dataflow id="319" from="r_V_3" to="tmp_7" fromId="97" toId="100">
</dataflow>
<dataflow id="320" from="StgValue_218" to="tmp_7" fromId="218" toId="100">
</dataflow>
<dataflow id="322" from="StgValue_321" to="tmp_7" fromId="321" toId="100">
</dataflow>
<dataflow id="323" from="isNeg_1" to="val_1" fromId="90" toId="101">
</dataflow>
<dataflow id="324" from="zext_ln818_1" to="val_1" fromId="99" toId="101">
</dataflow>
<dataflow id="325" from="tmp_7" to="val_1" fromId="100" toId="101">
</dataflow>
<dataflow id="327" from="StgValue_326" to="result_V_6" fromId="326" toId="102">
</dataflow>
<dataflow id="328" from="val_1" to="result_V_6" fromId="101" toId="102">
</dataflow>
<dataflow id="330" from="_ssdm_op_BitConcatenate.i31.i8.i23" to="zii" fromId="329" toId="103">
</dataflow>
<dataflow id="331" from="tmp_4" to="zii" fromId="63" toId="103">
</dataflow>
<dataflow id="333" from="StgValue_332" to="zii" fromId="332" toId="103">
</dataflow>
<dataflow id="334" from="p_Result_2" to="result_V_7" fromId="83" toId="104">
</dataflow>
<dataflow id="335" from="result_V_6" to="result_V_7" fromId="102" toId="104">
</dataflow>
<dataflow id="336" from="val_1" to="result_V_7" fromId="101" toId="104">
</dataflow>
<dataflow id="337" from="result_V_7" to="trunc_ln16" fromId="104" toId="105">
</dataflow>
<dataflow id="338" from="trunc_ln16" to="or_ln16" fromId="105" toId="106">
</dataflow>
<dataflow id="339" from="zii" to="or_ln16" fromId="103" toId="106">
</dataflow>
<dataflow id="340" from="_ssdm_op_BitSelect.i1.i32.i32" to="tmp_9" fromId="172" toId="107">
</dataflow>
<dataflow id="341" from="result_V_7" to="tmp_9" fromId="104" toId="107">
</dataflow>
<dataflow id="342" from="StgValue_175" to="tmp_9" fromId="175" toId="107">
</dataflow>
<dataflow id="344" from="_ssdm_op_BitConcatenate.i32.i1.i31" to="zii_1" fromId="343" toId="108">
</dataflow>
<dataflow id="345" from="tmp_9" to="zii_1" fromId="107" toId="108">
</dataflow>
<dataflow id="346" from="or_ln16" to="zii_1" fromId="106" toId="108">
</dataflow>
<dataflow id="347" from="zii_1" to="y" fromId="108" toId="109">
</dataflow>
<dataflow id="348" from="y" to="y_1" fromId="109" toId="110">
</dataflow>
<dataflow id="350" from="StgValue_349" to="y_1" fromId="349" toId="110">
</dataflow>
<dataflow id="351" from="y" to="y_1" fromId="109" toId="111">
</dataflow>
<dataflow id="352" from="StgValue_349" to="y_1" fromId="349" toId="111">
</dataflow>
<dataflow id="353" from="y" to="y_1" fromId="109" toId="112">
</dataflow>
<dataflow id="354" from="StgValue_349" to="y_1" fromId="349" toId="112">
</dataflow>
<dataflow id="356" from="_ssdm_op_SpecBitsMap" to="specbitsmap_ln0" fromId="355" toId="113">
</dataflow>
<dataflow id="357" from="StgValue_269" to="specbitsmap_ln0" fromId="269" toId="113">
</dataflow>
<dataflow id="359" from="_ssdm_op_SpecTopModule" to="spectopmodule_ln7" fromId="358" toId="114">
</dataflow>
<dataflow id="361" from="empty_1" to="spectopmodule_ln7" fromId="360" toId="114">
</dataflow>
<dataflow id="362" from="_ssdm_op_SpecBitsMap" to="specbitsmap_ln0" fromId="355" toId="115">
</dataflow>
<dataflow id="363" from="x" to="specbitsmap_ln0" fromId="147" toId="115">
</dataflow>
<dataflow id="365" from="_ssdm_op_SpecInterface" to="specinterface_ln0" fromId="364" toId="116">
</dataflow>
<dataflow id="366" from="x" to="specinterface_ln0" fromId="147" toId="116">
</dataflow>
<dataflow id="368" from="empty" to="specinterface_ln0" fromId="367" toId="116">
</dataflow>
<dataflow id="369" from="StgValue_326" to="specinterface_ln0" fromId="326" toId="116">
</dataflow>
<dataflow id="370" from="StgValue_326" to="specinterface_ln0" fromId="326" toId="116">
</dataflow>
<dataflow id="372" from="empty_0" to="specinterface_ln0" fromId="371" toId="116">
</dataflow>
<dataflow id="373" from="StgValue_326" to="specinterface_ln0" fromId="326" toId="116">
</dataflow>
<dataflow id="374" from="StgValue_326" to="specinterface_ln0" fromId="326" toId="116">
</dataflow>
<dataflow id="375" from="empty_0" to="specinterface_ln0" fromId="371" toId="116">
</dataflow>
<dataflow id="376" from="empty_0" to="specinterface_ln0" fromId="371" toId="116">
</dataflow>
<dataflow id="377" from="empty_0" to="specinterface_ln0" fromId="371" toId="116">
</dataflow>
<dataflow id="378" from="StgValue_326" to="specinterface_ln0" fromId="326" toId="116">
</dataflow>
<dataflow id="379" from="StgValue_326" to="specinterface_ln0" fromId="326" toId="116">
</dataflow>
<dataflow id="380" from="StgValue_326" to="specinterface_ln0" fromId="326" toId="116">
</dataflow>
<dataflow id="381" from="StgValue_326" to="specinterface_ln0" fromId="326" toId="116">
</dataflow>
<dataflow id="382" from="empty_0" to="specinterface_ln0" fromId="371" toId="116">
</dataflow>
<dataflow id="383" from="empty_0" to="specinterface_ln0" fromId="371" toId="116">
</dataflow>
<dataflow id="385" from="StgValue_384" to="specinterface_ln0" fromId="384" toId="116">
</dataflow>
<dataflow id="386" from="StgValue_326" to="specinterface_ln0" fromId="326" toId="116">
</dataflow>
<dataflow id="387" from="y" to="y_1" fromId="109" toId="117">
</dataflow>
<dataflow id="388" from="StgValue_349" to="y_1" fromId="349" toId="117">
</dataflow>
<dataflow id="389" from="y_1" to="ret_ln19" fromId="117" toId="118">
</dataflow>
</dataflows>


</stg>
