<xilinx:hls_fe_msgs>
    <msg msg_groups="PRAGMA_VERBOSE_DUMP" msg_id="207-5471" msg_severity="WARNING" msg_loc="/tools/P1_2partsMult/solution1/csynth.tcl:16:9" msg_body="HLS pragma dump">
        <args ARG_PragmaContext="directive" ARG_PragmaFunction="exp_12f" ARG_PragmaIsValid="1" ARG_PragmaOptions="name=exp_12f" ARG_PragmaType="top" ClangWarningOption="dump-hls-pragmas"/>
    </msg>
    <msg msg_groups="PRAGMA_VERBOSE_DUMP" msg_id="207-5471" msg_severity="WARNING" msg_loc="/tools/P1_2partsMult/solution1/directives.tcl:6:9" msg_body="HLS pragma dump">
        <args ARG_PragmaContext="directive" ARG_PragmaFunction="exp_12f" ARG_PragmaIsValid="1" ARG_PragmaOptions="name=exp_12f" ARG_PragmaType="top" ClangWarningOption="dump-hls-pragmas"/>
    </msg>
    <msg msg_groups="PRAGMA_INLINE" msg_id="214-178" msg_severity="INFO" msg_loc="/wrk/ci/prod/2022.1/rdi_builds/continuous/2022_04_18_3526262/src/shared/hls/clib/hlsmath/include/FloatingPoint/hls_case_IEEE754.h:12:0" msg_body="Inlining function 'fp_struct&lt;float&gt;::fp_struct(float)' into 'int generic_cast_IEEE754&lt;int, (ap_q_mode)6, float&gt;(float, bool, hls::enable_if&lt;std::numeric_limits&lt;int&gt;::is_signed, bool&gt;::type)'">
        <args Callee="fp_struct&lt;float&gt;::fp_struct(float)" Caller="int generic_cast_IEEE754&lt;int, (ap_q_mode)6, float&gt;(float, bool, hls::enable_if&lt;std::numeric_limits&lt;int&gt;::is_signed, bool&gt;::type)"/>
    </msg>
    <msg msg_groups="PRAGMA_INLINE" msg_id="214-178" msg_severity="INFO" msg_loc="/wrk/ci/prod/2022.1/rdi_builds/continuous/2022_04_18_3526262/src/shared/hls/clib/hlsmath/include/FloatingPoint/hls_case_IEEE754.h:12:0" msg_body="Inlining function 'fp_struct&lt;float&gt;::mantissa() const' into 'int generic_cast_IEEE754&lt;int, (ap_q_mode)6, float&gt;(float, bool, hls::enable_if&lt;std::numeric_limits&lt;int&gt;::is_signed, bool&gt;::type)'">
        <args Callee="fp_struct&lt;float&gt;::mantissa() const" Caller="int generic_cast_IEEE754&lt;int, (ap_q_mode)6, float&gt;(float, bool, hls::enable_if&lt;std::numeric_limits&lt;int&gt;::is_signed, bool&gt;::type)"/>
    </msg>
    <msg msg_groups="PRAGMA_INLINE" msg_id="214-178" msg_severity="INFO" msg_loc="/wrk/ci/prod/2022.1/rdi_builds/continuous/2022_04_18_3526262/src/shared/hls/clib/hlsmath/include/FloatingPoint/hls_case_IEEE754.h:12:0" msg_body="Inlining function 'fp_struct&lt;float&gt;::expv() const' into 'int generic_cast_IEEE754&lt;int, (ap_q_mode)6, float&gt;(float, bool, hls::enable_if&lt;std::numeric_limits&lt;int&gt;::is_signed, bool&gt;::type)'">
        <args Callee="fp_struct&lt;float&gt;::expv() const" Caller="int generic_cast_IEEE754&lt;int, (ap_q_mode)6, float&gt;(float, bool, hls::enable_if&lt;std::numeric_limits&lt;int&gt;::is_signed, bool&gt;::type)"/>
    </msg>
    <msg msg_groups="PRAGMA_INLINE" msg_id="214-178" msg_severity="INFO" msg_loc="/wrk/ci/prod/2022.1/rdi_builds/continuous/2022_04_18_3526262/src/shared/hls/clib/hlsmath/include/FloatingPoint/hls_case_IEEE754.h:12:0" msg_body="Inlining function 'fp_struct&lt;float&gt;::__signbit() const' into 'int generic_cast_IEEE754&lt;int, (ap_q_mode)6, float&gt;(float, bool, hls::enable_if&lt;std::numeric_limits&lt;int&gt;::is_signed, bool&gt;::type)'">
        <args Callee="fp_struct&lt;float&gt;::__signbit() const" Caller="int generic_cast_IEEE754&lt;int, (ap_q_mode)6, float&gt;(float, bool, hls::enable_if&lt;std::numeric_limits&lt;int&gt;::is_signed, bool&gt;::type)"/>
    </msg>
    <msg msg_groups="PRAGMA_INLINE" msg_id="214-178" msg_severity="INFO" msg_loc="/wrk/ci/prod/2022.1/rdi_builds/continuous/2022_04_18_3526262/src/shared/hls/clib/hlsmath/include/FloatingPoint/hls_case_IEEE754.h:116:0" msg_body="Inlining function 'int generic_cast_IEEE754&lt;int, (ap_q_mode)6, float&gt;(float, bool, hls::enable_if&lt;std::numeric_limits&lt;int&gt;::is_signed, bool&gt;::type)' into 'int generic_cast_IEEE754&lt;int, float&gt;(float, bool)'">
        <args Callee="int generic_cast_IEEE754&lt;int, (ap_q_mode)6, float&gt;(float, bool, hls::enable_if&lt;std::numeric_limits&lt;int&gt;::is_signed, bool&gt;::type)" Caller="int generic_cast_IEEE754&lt;int, float&gt;(float, bool)"/>
    </msg>
    <msg msg_groups="PRAGMA_INLINE" msg_id="214-178" msg_severity="INFO" msg_loc="/wrk/ci/prod/2022.1/rdi_builds/continuous/2022_04_18_3526262/src/shared/hls/clib/hlsmath/src/lib_floatconversion.cpp:51:0" msg_body="Inlining function 'int generic_cast_IEEE754&lt;int, float&gt;(float, bool)' into '__hls_fptosi_float_i32'">
        <args Callee="int generic_cast_IEEE754&lt;int, float&gt;(float, bool)" Caller="__hls_fptosi_float_i32"/>
    </msg>
    <msg msg_groups="PRAGMA_INLINE" msg_id="214-178" msg_severity="INFO" msg_loc="P1_2Parts_Mult/exp_12f.c:8:0" msg_body="Inlining function '__hls_fptosi_float_i32' into 'exp_12f'">
        <args Callee="__hls_fptosi_float_i32" Caller="exp_12f"/>
    </msg>
</xilinx:hls_fe_msgs>

