<?xml version="1.0" encoding="utf-8"?>
<Messages>
	<Message severity="INFO" prefix="[HLS 200-111]" key="HLS_111_966" tag="RUNTIME" content="Finished File checks and directory preparation: CPU user time: 0.01 seconds. CPU system time: 0 seconds. Elapsed time: 0.01 seconds; current allocated memory: 1.229 GB." resolution=""/>
	<Message severity="INFO" prefix="[HLS 200-10]" key="HLS_10_1312" tag="" content="Analyzing design file &apos;pow2_P1_32p_wM_int.c&apos; ..." resolution=""/>
	<Message severity="INFO" prefix="[HLS 200-111]" key="HLS_111_966" tag="RUNTIME" content="Finished Source Code Analysis and Preprocessing: CPU user time: 0.64 seconds. CPU system time: 0.14 seconds. Elapsed time: 0.4 seconds; current allocated memory: 1.229 GB." resolution=""/>
	<Message severity="INFO" prefix="[HLS 200-777]" key="HLS 200-777" tag="" content="Using interface defaults for &apos;Vivado&apos; flow target." resolution=""/>
	<Message severity="INFO" prefix="[HLS 214-178]" key="HLS 214-178" tag="" content="Inlining function &apos;fp_struct&lt;float&gt;::fp_struct(float)&apos; into &apos;int generic_cast_IEEE754&lt;int, (ap_q_mode)6, float&gt;(float, bool, hls::enable_if&lt;std::numeric_limits&lt;int&gt;::is_signed, bool&gt;::type)&apos; (/wrk/ci/prod/2022.1/rdi_builds/continuous/2022_04_18_3526262/src/shared/hls/clib/hlsmath/include/FloatingPoint/hls_case_IEEE754.h:12:0)" resolution=""/>
	<Message severity="INFO" prefix="[HLS 214-178]" key="HLS 214-178" tag="" content="Inlining function &apos;fp_struct&lt;float&gt;::mantissa() const&apos; into &apos;int generic_cast_IEEE754&lt;int, (ap_q_mode)6, float&gt;(float, bool, hls::enable_if&lt;std::numeric_limits&lt;int&gt;::is_signed, bool&gt;::type)&apos; (/wrk/ci/prod/2022.1/rdi_builds/continuous/2022_04_18_3526262/src/shared/hls/clib/hlsmath/include/FloatingPoint/hls_case_IEEE754.h:12:0)" resolution=""/>
	<Message severity="INFO" prefix="[HLS 214-178]" key="HLS 214-178" tag="" content="Inlining function &apos;fp_struct&lt;float&gt;::expv() const&apos; into &apos;int generic_cast_IEEE754&lt;int, (ap_q_mode)6, float&gt;(float, bool, hls::enable_if&lt;std::numeric_limits&lt;int&gt;::is_signed, bool&gt;::type)&apos; (/wrk/ci/prod/2022.1/rdi_builds/continuous/2022_04_18_3526262/src/shared/hls/clib/hlsmath/include/FloatingPoint/hls_case_IEEE754.h:12:0)" resolution=""/>
	<Message severity="INFO" prefix="[HLS 214-178]" key="HLS 214-178" tag="" content="Inlining function &apos;fp_struct&lt;float&gt;::__signbit() const&apos; into &apos;int generic_cast_IEEE754&lt;int, (ap_q_mode)6, float&gt;(float, bool, hls::enable_if&lt;std::numeric_limits&lt;int&gt;::is_signed, bool&gt;::type)&apos; (/wrk/ci/prod/2022.1/rdi_builds/continuous/2022_04_18_3526262/src/shared/hls/clib/hlsmath/include/FloatingPoint/hls_case_IEEE754.h:12:0)" resolution=""/>
	<Message severity="INFO" prefix="[HLS 214-178]" key="HLS 214-178" tag="" content="Inlining function &apos;int generic_cast_IEEE754&lt;int, (ap_q_mode)6, float&gt;(float, bool, hls::enable_if&lt;std::numeric_limits&lt;int&gt;::is_signed, bool&gt;::type)&apos; into &apos;int generic_cast_IEEE754&lt;int, float&gt;(float, bool)&apos; (/wrk/ci/prod/2022.1/rdi_builds/continuous/2022_04_18_3526262/src/shared/hls/clib/hlsmath/include/FloatingPoint/hls_case_IEEE754.h:116:0)" resolution=""/>
	<Message severity="INFO" prefix="[HLS 214-178]" key="HLS 214-178" tag="" content="Inlining function &apos;int generic_cast_IEEE754&lt;int, float&gt;(float, bool)&apos; into &apos;__hls_fptosi_float_i32&apos; (/wrk/ci/prod/2022.1/rdi_builds/continuous/2022_04_18_3526262/src/shared/hls/clib/hlsmath/src/lib_floatconversion.cpp:51:0)" resolution=""/>
	<Message severity="INFO" prefix="[HLS 214-178]" key="HLS 214-178" tag="" content="Inlining function &apos;__hls_fptosi_float_i32&apos; into &apos;pow2_P1_32p_wM_int&apos; (pow2_P1_32p_wM_int.c:7:0)" resolution=""/>
	<Message severity="INFO" prefix="[HLS 200-111]" key="HLS_111_966" tag="RUNTIME" content="Finished Compiling Optimization and Transform: CPU user time: 4.04 seconds. CPU system time: 0.26 seconds. Elapsed time: 3.7 seconds; current allocated memory: 224.934 MB." resolution=""/>
	<Message severity="INFO" prefix="[HLS 200-111]" key="HLS_111_966" tag="RUNTIME" content="Finished Checking Pragmas: CPU user time: 0 seconds. CPU system time: 0 seconds. Elapsed time: 0 seconds; current allocated memory: 224.934 MB." resolution=""/>
	<Message severity="INFO" prefix="[HLS 200-10]" key="HLS_10_1467" tag="" content="Starting code transformations ..." resolution=""/>
	<Message severity="INFO" prefix="[HLS 200-111]" key="HLS_111_966" tag="RUNTIME" content="Finished Standard Transforms: CPU user time: 0.05 seconds. CPU system time: 0.02 seconds. Elapsed time: 0.07 seconds; current allocated memory: 243.734 MB." resolution=""/>
	<Message severity="INFO" prefix="[HLS 200-10]" key="HLS_10_1472" tag="" content="Checking synthesizability ..." resolution=""/>
	<Message severity="INFO" prefix="[HLS 200-111]" key="HLS_111_966" tag="RUNTIME" content="Finished Checking Synthesizability: CPU user time: 0.16 seconds. CPU system time: 0 seconds. Elapsed time: 0.16 seconds; current allocated memory: 267.262 MB." resolution=""/>
	<Message severity="INFO" prefix="[HLS 200-111]" key="HLS_111_966" tag="RUNTIME" content="Finished Loop, function and other optimizations: CPU user time: 0.18 seconds. CPU system time: 0.02 seconds. Elapsed time: 0.2 seconds; current allocated memory: 310.828 MB." resolution=""/>
	<Message severity="INFO" prefix="[HLS 200-111]" key="HLS_111_966" tag="RUNTIME" content="Finished Architecture Synthesis: CPU user time: 0.11 seconds. CPU system time: 0 seconds. Elapsed time: 0.11 seconds; current allocated memory: 316.633 MB." resolution=""/>
	<Message severity="INFO" prefix="[HLS 200-10]" key="HLS_10_1317" tag="" content="Starting hardware synthesis ..." resolution=""/>
	<Message severity="INFO" prefix="[HLS 200-10]" key="HLS_10_1385" tag="" content="Synthesizing &apos;pow2_P1_32p_wM_int&apos; ..." resolution=""/>
	<Message severity="INFO" prefix="[HLS 200-10]" key="HLS_10_1477" tag="" content="----------------------------------------------------------------" resolution=""/>
	<Message severity="INFO" prefix="[HLS 200-42]" key="HLS_42_1438" tag="" content="-- Implementing module &apos;pow2_P1_32p_wM_int&apos;" resolution=""/>
	<Message severity="INFO" prefix="[HLS 200-10]" key="HLS_10_1478" tag="" content="----------------------------------------------------------------" resolution=""/>
	<Message severity="INFO" prefix="[SCHED 204-11]" key="SCHED_SCHED_STATUS_597" tag="" content="Starting scheduling ..." resolution=""/>
	<Message severity="INFO" prefix="[SCHED 204-11]" key="SCHED_SCHED_STATUS_596" tag="" content="Finished scheduling." resolution=""/>
	<Message severity="INFO" prefix="[HLS 200-111]" key="HLS_111_966" tag="RUNTIME" content="Finished Scheduling: CPU user time: 0.08 seconds. CPU system time: 0.01 seconds. Elapsed time: 0.09 seconds; current allocated memory: 316.633 MB." resolution=""/>
	<Message severity="INFO" prefix="[BIND 205-100]" key="BIND_100_926" tag="" content="Starting micro-architecture generation ..." resolution=""/>
	<Message severity="INFO" prefix="[BIND 205-101]" key="BIND_101_698" tag="" content="Performing variable lifetime analysis." resolution=""/>
	<Message severity="INFO" prefix="[BIND 205-101]" key="BIND_101_697" tag="" content="Exploring resource sharing." resolution=""/>
	<Message severity="INFO" prefix="[BIND 205-101]" key="BIND_101_693" tag="" content="Binding ..." resolution=""/>
	<Message severity="INFO" prefix="[BIND 205-100]" key="BIND_100_925" tag="" content="Finished micro-architecture generation." resolution=""/>
	<Message severity="INFO" prefix="[HLS 200-111]" key="HLS_111_966" tag="RUNTIME" content="Finished Binding: CPU user time: 0.04 seconds. CPU system time: 0 seconds. Elapsed time: 0.05 seconds; current allocated memory: 316.633 MB." resolution=""/>
	<Message severity="INFO" prefix="[HLS 200-10]" key="HLS_10_1483" tag="" content="----------------------------------------------------------------" resolution=""/>
	<Message severity="INFO" prefix="[HLS 200-10]" key="HLS_10_1484" tag="" content="-- Generating RTL for module &apos;pow2_P1_32p_wM_int&apos;" resolution=""/>
	<Message severity="INFO" prefix="[HLS 200-10]" key="HLS_10_1485" tag="" content="----------------------------------------------------------------" resolution=""/>
	<Message severity="INFO" prefix="[RTGEN 206-500]" key="PREPROC_IO_COMP_CONFLICT_1950" tag="" content="Setting interface mode on port &apos;pow2_P1_32p_wM_int/x&apos; to &apos;ap_none&apos;." resolution=""/>
	<Message severity="INFO" prefix="[RTGEN 206-500]" key="PREPROC_IO_COMP_CONFLICT_1950" tag="" content="Setting interface mode on function &apos;pow2_P1_32p_wM_int&apos; to &apos;ap_ctrl_hs&apos;." resolution=""/>
	<Message severity="INFO" prefix="[RTGEN 206-100]" key="RTGEN_100_855" tag="" content="Generating core module &apos;fadd_32ns_32ns_32_3_full_dsp_1&apos;: 1 instance(s)." resolution=""/>
	<Message severity="INFO" prefix="[RTGEN 206-100]" key="RTGEN_100_855" tag="" content="Generating core module &apos;fmul_32ns_32ns_32_2_max_dsp_1&apos;: 1 instance(s)." resolution=""/>
	<Message severity="INFO" prefix="[RTGEN 206-100]" key="RTGEN_100_855" tag="" content="Generating core module &apos;mul_23ns_24ns_47_1_1&apos;: 1 instance(s)." resolution=""/>
	<Message severity="INFO" prefix="[RTGEN 206-100]" key="RTGEN_100_856" tag="" content="Finished creating RTL model for &apos;pow2_P1_32p_wM_int&apos;." resolution=""/>
	<Message severity="INFO" prefix="[HLS 200-111]" key="HLS_111_966" tag="RUNTIME" content="Finished Creating RTL model: CPU user time: 0.06 seconds. CPU system time: 0 seconds. Elapsed time: 0.06 seconds; current allocated memory: 316.633 MB." resolution=""/>
	<Message severity="INFO" prefix="[RTMG 210-279]" key="RTMG_279_1793" tag="" content="Implementing memory &apos;pow2_P1_32p_wM_int_alpha_ROM_AUTO_1R&apos; using auto ROMs." resolution=""/>
	<Message severity="INFO" prefix="[RTMG 210-279]" key="RTMG_279_1793" tag="" content="Implementing memory &apos;pow2_P1_32p_wM_int_beta_ROM_AUTO_1R&apos; using auto ROMs." resolution=""/>
	<Message severity="INFO" prefix="[HLS 200-111]" key="HLS_111_966" tag="RUNTIME" content="Finished Generating all RTL models: CPU user time: 0.42 seconds. CPU system time: 0 seconds. Elapsed time: 0.43 seconds; current allocated memory: 316.633 MB." resolution=""/>
	<Message severity="INFO" prefix="[HLS 200-111]" key="HLS_111_966" tag="RUNTIME" content="Finished Updating report files: CPU user time: 0.14 seconds. CPU system time: 0.01 seconds. Elapsed time: 0.15 seconds; current allocated memory: 318.512 MB." resolution=""/>
	<Message severity="INFO" prefix="[VHDL 208-304]" key="VHDL_304_1066" tag="" content="Generating VHDL RTL for pow2_P1_32p_wM_int." resolution=""/>
	<Message severity="INFO" prefix="[VLOG 209-307]" key="VLOG_307_1067" tag="" content="Generating Verilog RTL for pow2_P1_32p_wM_int." resolution=""/>
	<Message severity="INFO" prefix="[HLS 200-789]" key="HLS 200-789" tag="THROUGHPUT,VITIS_KERNEL" content="**** Estimated Fmax: 137.04 MHz" resolution=""/>
	<Message severity="INFO" prefix="[HLS 200-111]" key="HLS_111_966" tag="RUNTIME" content="Finished Command csynth_design CPU user time: 5.95 seconds. CPU system time: 0.46 seconds. Elapsed time: 5.43 seconds; current allocated memory: -939.844 MB." resolution=""/>
</Messages>
