<?xml version="1.0" encoding="utf-8"?>
<BindInfo>
	<BindNode BINDTYPE="op" DISPLAY="bind_op fmul" ID="" IMPL="maxdsp" LATENCY="1" OPTYPE="fmul" PRAGMA="" RTLNAME="fmul_32ns_32ns_32_2_max_dsp_1_U2" SOURCE="../exp_P1_2p/pow2_16p_int.c:9" VARIABLE="mul" MODULE="fpow2_16p_int" LOOP="" BUNDLEDNAME="" DSP="3" BRAM="0" URAM="0"/>
	<BindNode BINDTYPE="op" DISPLAY="bind_op fadd" ID="" IMPL="fulldsp" LATENCY="2" OPTYPE="fadd" PRAGMA="" RTLNAME="fadd_32ns_32ns_32_3_full_dsp_1_U1" SOURCE="../exp_P1_2p/pow2_16p_int.c:9" VARIABLE="dc" MODULE="fpow2_16p_int" LOOP="" BUNDLEDNAME="" DSP="2" BRAM="0" URAM="0"/>
	<BindNode BINDTYPE="op" DISPLAY="bind_op add" ID="" IMPL="fabric" LATENCY="0" OPTYPE="add" PRAGMA="" RTLNAME="add_ln346_fu_172_p2" SOURCE="/wrk/ci/prod/2022.1/rdi_builds/continuous/2022_04_18_3526262/src/shared/hls/clib/src/hls/utils/x_hls_utils.h:346" VARIABLE="add_ln346" MODULE="fpow2_16p_int" LOOP="" BUNDLEDNAME="" DSP="0" BRAM="0" URAM="0"/>
	<BindNode BINDTYPE="op" DISPLAY="bind_op sub" ID="" IMPL="fabric" LATENCY="0" OPTYPE="sub" PRAGMA="" RTLNAME="sub_ln1512_fu_186_p2" SOURCE="/wrk/ci/prod/2022.1/rdi_builds/continuous/2022_04_18_3526262/src/shared/hls/clib/include/header_files/ap_fixed_base.h:1512" VARIABLE="sub_ln1512" MODULE="fpow2_16p_int" LOOP="" BUNDLEDNAME="" DSP="0" BRAM="0" URAM="0"/>
	<BindNode BINDTYPE="op" DISPLAY="bind_op select" ID="" IMPL="auto_sel" LATENCY="0" OPTYPE="select" PRAGMA="" RTLNAME="ush_fu_196_p3" SOURCE="/wrk/ci/prod/2022.1/rdi_builds/continuous/2022_04_18_3526262/src/shared/hls/clib/include/header_files/ap_fixed_base.h:1512" VARIABLE="ush" MODULE="fpow2_16p_int" LOOP="" BUNDLEDNAME="" DSP="0" BRAM="0" URAM="0"/>
	<BindNode BINDTYPE="op" DISPLAY="bind_op lshr" ID="" IMPL="auto_pipe" LATENCY="0" OPTYPE="lshr" PRAGMA="" RTLNAME="r_V_fu_212_p2" SOURCE="/wrk/ci/prod/2022.1/rdi_builds/continuous/2022_04_18_3526262/src/shared/hls/clib/include/header_files/ap_fixed_base.h:1488" VARIABLE="r_V" MODULE="fpow2_16p_int" LOOP="" BUNDLEDNAME="" DSP="0" BRAM="0" URAM="0"/>
	<BindNode BINDTYPE="op" DISPLAY="bind_op shl" ID="" IMPL="auto_pipe" LATENCY="0" OPTYPE="shl" PRAGMA="" RTLNAME="r_V_1_fu_218_p2" SOURCE="/wrk/ci/prod/2022.1/rdi_builds/continuous/2022_04_18_3526262/src/shared/hls/clib/include/header_files/ap_fixed_base.h:1454" VARIABLE="r_V_1" MODULE="fpow2_16p_int" LOOP="" BUNDLEDNAME="" DSP="0" BRAM="0" URAM="0"/>
	<BindNode BINDTYPE="op" DISPLAY="bind_op select" ID="" IMPL="auto_sel" LATENCY="0" OPTYPE="select" PRAGMA="" RTLNAME="val_fu_246_p3" SOURCE="/wrk/ci/prod/2022.1/rdi_builds/continuous/2022_04_18_3526262/src/shared/hls/clib/include/header_files/ap_fixed_base.h:1513" VARIABLE="val" MODULE="fpow2_16p_int" LOOP="" BUNDLEDNAME="" DSP="0" BRAM="0" URAM="0"/>
	<BindNode BINDTYPE="op" DISPLAY="bind_op sub" ID="" IMPL="fabric" LATENCY="0" OPTYPE="sub" PRAGMA="" RTLNAME="result_V_2_fu_254_p2" SOURCE="/wrk/ci/prod/2022.1/rdi_builds/continuous/2022_04_18_3526262/src/shared/hls/clib/include/header_files/ap_fixed_base.h:813" VARIABLE="result_V_2" MODULE="fpow2_16p_int" LOOP="" BUNDLEDNAME="" DSP="0" BRAM="0" URAM="0"/>
	<BindNode BINDTYPE="op" DISPLAY="bind_op select" ID="" IMPL="auto_sel" LATENCY="0" OPTYPE="select" PRAGMA="" RTLNAME="result_V_fu_260_p3" SOURCE="/wrk/ci/prod/2022.1/rdi_builds/continuous/2022_04_18_3526262/src/shared/hls/clib/hlsmath/include/FloatingPoint/hls_case_IEEE754.h:59" VARIABLE="result_V" MODULE="fpow2_16p_int" LOOP="" BUNDLEDNAME="" DSP="0" BRAM="0" URAM="0"/>
	<BindNode BINDTYPE="op" DISPLAY="bind_op mul" ID="" IMPL="auto" LATENCY="0" OPTYPE="mul" PRAGMA="" RTLNAME="mul_23ns_24ns_47_1_1_U3" SOURCE="../exp_P1_2p/pow2_16p_int.c:13" VARIABLE="mul_ln13" MODULE="fpow2_16p_int" LOOP="" BUNDLEDNAME="" DSP="2" BRAM="0" URAM="0"/>
	<BindNode BINDTYPE="op" DISPLAY="bind_op add" ID="" IMPL="fabric" LATENCY="0" OPTYPE="add" PRAGMA="" RTLNAME="zif_1_fu_336_p2" SOURCE="../exp_P1_2p/pow2_16p_int.c:13" VARIABLE="zif_1" MODULE="fpow2_16p_int" LOOP="" BUNDLEDNAME="" DSP="0" BRAM="0" URAM="0"/>
	<BindNode BINDTYPE="op" DISPLAY="bind_op or" ID="" IMPL="auto" LATENCY="0" OPTYPE="or" PRAGMA="" RTLNAME="or_ln14_fu_346_p2" SOURCE="../exp_P1_2p/pow2_16p_int.c:14" VARIABLE="or_ln14" MODULE="fpow2_16p_int" LOOP="" BUNDLEDNAME="" DSP="0" BRAM="0" URAM="0"/>
	<BindNode BINDTYPE="storage" DISPLAY="bind_storage rom_1p" ID="" IMPL="auto" LATENCY="1" OPTYPE="rom_1p" PRAGMA="" RTLNAME="alpha_U" SOURCE="" VARIABLE="alpha" MODULE="fpow2_16p_int" LOOP="" BUNDLEDNAME="" DSP="0" BRAM="0" URAM="0"/>
	<BindNode BINDTYPE="storage" DISPLAY="bind_storage rom_1p" ID="" IMPL="auto" LATENCY="1" OPTYPE="rom_1p" PRAGMA="" RTLNAME="beta_U" SOURCE="" VARIABLE="beta" MODULE="fpow2_16p_int" LOOP="" BUNDLEDNAME="" DSP="0" BRAM="0" URAM="0"/>
</BindInfo>
