<?xml version="1.0" encoding="utf-8"?>
<BindInfo>
	<BindNode BINDTYPE="op" DISPLAY="bind_op fmul" ID="" IMPL="maxdsp" LATENCY="1" OPTYPE="fmul" PRAGMA="" RTLNAME="fmul_32ns_32ns_32_2_max_dsp_1_U2" SOURCE="exp_P1_2p.c:8" VARIABLE="mul" MODULE="exp_P1_2p" LOOP="" BUNDLEDNAME="" DSP="3" BRAM="0" URAM="0"/>
	<BindNode BINDTYPE="op" DISPLAY="bind_op fadd" ID="" IMPL="fulldsp" LATENCY="2" OPTYPE="fadd" PRAGMA="" RTLNAME="fadd_32ns_32ns_32_3_full_dsp_1_U1" SOURCE="exp_P1_2p.c:8" VARIABLE="dc" MODULE="exp_P1_2p" LOOP="" BUNDLEDNAME="" DSP="2" BRAM="0" URAM="0"/>
	<BindNode BINDTYPE="op" DISPLAY="bind_op add" ID="" IMPL="fabric" LATENCY="0" OPTYPE="add" PRAGMA="" RTLNAME="add_ln346_fu_155_p2" SOURCE="/wrk/ci/prod/2022.1/rdi_builds/continuous/2022_04_18_3526262/src/shared/hls/clib/src/hls/utils/x_hls_utils.h:346" VARIABLE="add_ln346" MODULE="exp_P1_2p" LOOP="" BUNDLEDNAME="" DSP="0" BRAM="0" URAM="0"/>
	<BindNode BINDTYPE="op" DISPLAY="bind_op sub" ID="" IMPL="fabric" LATENCY="0" OPTYPE="sub" PRAGMA="" RTLNAME="sub_ln1512_fu_169_p2" SOURCE="/wrk/ci/prod/2022.1/rdi_builds/continuous/2022_04_18_3526262/src/shared/hls/clib/include/header_files/ap_fixed_base.h:1512" VARIABLE="sub_ln1512" MODULE="exp_P1_2p" LOOP="" BUNDLEDNAME="" DSP="0" BRAM="0" URAM="0"/>
	<BindNode BINDTYPE="op" DISPLAY="bind_op select" ID="" IMPL="auto_sel" LATENCY="0" OPTYPE="select" PRAGMA="" RTLNAME="ush_fu_179_p3" SOURCE="/wrk/ci/prod/2022.1/rdi_builds/continuous/2022_04_18_3526262/src/shared/hls/clib/include/header_files/ap_fixed_base.h:1512" VARIABLE="ush" MODULE="exp_P1_2p" LOOP="" BUNDLEDNAME="" DSP="0" BRAM="0" URAM="0"/>
	<BindNode BINDTYPE="op" DISPLAY="bind_op lshr" ID="" IMPL="auto_pipe" LATENCY="0" OPTYPE="lshr" PRAGMA="" RTLNAME="r_V_fu_195_p2" SOURCE="/wrk/ci/prod/2022.1/rdi_builds/continuous/2022_04_18_3526262/src/shared/hls/clib/include/header_files/ap_fixed_base.h:1488" VARIABLE="r_V" MODULE="exp_P1_2p" LOOP="" BUNDLEDNAME="" DSP="0" BRAM="0" URAM="0"/>
	<BindNode BINDTYPE="op" DISPLAY="bind_op shl" ID="" IMPL="auto_pipe" LATENCY="0" OPTYPE="shl" PRAGMA="" RTLNAME="r_V_1_fu_201_p2" SOURCE="/wrk/ci/prod/2022.1/rdi_builds/continuous/2022_04_18_3526262/src/shared/hls/clib/include/header_files/ap_fixed_base.h:1454" VARIABLE="r_V_1" MODULE="exp_P1_2p" LOOP="" BUNDLEDNAME="" DSP="0" BRAM="0" URAM="0"/>
	<BindNode BINDTYPE="op" DISPLAY="bind_op select" ID="" IMPL="auto_sel" LATENCY="0" OPTYPE="select" PRAGMA="" RTLNAME="val_fu_229_p3" SOURCE="/wrk/ci/prod/2022.1/rdi_builds/continuous/2022_04_18_3526262/src/shared/hls/clib/include/header_files/ap_fixed_base.h:1513" VARIABLE="val" MODULE="exp_P1_2p" LOOP="" BUNDLEDNAME="" DSP="0" BRAM="0" URAM="0"/>
	<BindNode BINDTYPE="op" DISPLAY="bind_op sub" ID="" IMPL="fabric" LATENCY="0" OPTYPE="sub" PRAGMA="" RTLNAME="result_V_2_fu_237_p2" SOURCE="/wrk/ci/prod/2022.1/rdi_builds/continuous/2022_04_18_3526262/src/shared/hls/clib/include/header_files/ap_fixed_base.h:813" VARIABLE="result_V_2" MODULE="exp_P1_2p" LOOP="" BUNDLEDNAME="" DSP="0" BRAM="0" URAM="0"/>
	<BindNode BINDTYPE="op" DISPLAY="bind_op select" ID="" IMPL="auto_sel" LATENCY="0" OPTYPE="select" PRAGMA="" RTLNAME="result_V_fu_242_p3" SOURCE="/wrk/ci/prod/2022.1/rdi_builds/continuous/2022_04_18_3526262/src/shared/hls/clib/hlsmath/include/FloatingPoint/hls_case_IEEE754.h:59" VARIABLE="result_V" MODULE="exp_P1_2p" LOOP="" BUNDLEDNAME="" DSP="0" BRAM="0" URAM="0"/>
	<BindNode BINDTYPE="op" DISPLAY="bind_op sitofp" ID="" IMPL="auto" LATENCY="1" OPTYPE="sitofp" PRAGMA="" RTLNAME="sitofp_32ns_32_2_no_dsp_1_U3" SOURCE="exp_P1_2p.c:12" VARIABLE="conv2" MODULE="exp_P1_2p" LOOP="" BUNDLEDNAME="" DSP="0" BRAM="0" URAM="0"/>
	<BindNode BINDTYPE="op" DISPLAY="bind_op select" ID="" IMPL="auto_sel" LATENCY="0" OPTYPE="select" PRAGMA="" RTLNAME="select_ln12_fu_275_p3" SOURCE="exp_P1_2p.c:12" VARIABLE="select_ln12" MODULE="exp_P1_2p" LOOP="" BUNDLEDNAME="" DSP="0" BRAM="0" URAM="0"/>
	<BindNode BINDTYPE="op" DISPLAY="bind_op fmul" ID="" IMPL="maxdsp" LATENCY="1" OPTYPE="fmul" PRAGMA="" RTLNAME="fmul_32ns_32ns_32_2_max_dsp_1_U2" SOURCE="exp_P1_2p.c:12" VARIABLE="mul3" MODULE="exp_P1_2p" LOOP="" BUNDLEDNAME="" DSP="3" BRAM="0" URAM="0"/>
	<BindNode BINDTYPE="op" DISPLAY="bind_op select" ID="" IMPL="auto_sel" LATENCY="0" OPTYPE="select" PRAGMA="" RTLNAME="select_ln12_1_fu_283_p3" SOURCE="exp_P1_2p.c:12" VARIABLE="select_ln12_1" MODULE="exp_P1_2p" LOOP="" BUNDLEDNAME="" DSP="0" BRAM="0" URAM="0"/>
	<BindNode BINDTYPE="op" DISPLAY="bind_op fadd" ID="" IMPL="fulldsp" LATENCY="2" OPTYPE="fadd" PRAGMA="" RTLNAME="fadd_32ns_32ns_32_3_full_dsp_1_U1" SOURCE="exp_P1_2p.c:12" VARIABLE="dc_1" MODULE="exp_P1_2p" LOOP="" BUNDLEDNAME="" DSP="2" BRAM="0" URAM="0"/>
	<BindNode BINDTYPE="op" DISPLAY="bind_op add" ID="" IMPL="fabric" LATENCY="0" OPTYPE="add" PRAGMA="" RTLNAME="add_ln346_1_fu_342_p2" SOURCE="/wrk/ci/prod/2022.1/rdi_builds/continuous/2022_04_18_3526262/src/shared/hls/clib/src/hls/utils/x_hls_utils.h:346" VARIABLE="add_ln346_1" MODULE="exp_P1_2p" LOOP="" BUNDLEDNAME="" DSP="0" BRAM="0" URAM="0"/>
	<BindNode BINDTYPE="op" DISPLAY="bind_op sub" ID="" IMPL="fabric" LATENCY="0" OPTYPE="sub" PRAGMA="" RTLNAME="sub_ln1512_1_fu_356_p2" SOURCE="/wrk/ci/prod/2022.1/rdi_builds/continuous/2022_04_18_3526262/src/shared/hls/clib/include/header_files/ap_fixed_base.h:1512" VARIABLE="sub_ln1512_1" MODULE="exp_P1_2p" LOOP="" BUNDLEDNAME="" DSP="0" BRAM="0" URAM="0"/>
	<BindNode BINDTYPE="op" DISPLAY="bind_op select" ID="" IMPL="auto_sel" LATENCY="0" OPTYPE="select" PRAGMA="" RTLNAME="ush_1_fu_366_p3" SOURCE="/wrk/ci/prod/2022.1/rdi_builds/continuous/2022_04_18_3526262/src/shared/hls/clib/include/header_files/ap_fixed_base.h:1512" VARIABLE="ush_1" MODULE="exp_P1_2p" LOOP="" BUNDLEDNAME="" DSP="0" BRAM="0" URAM="0"/>
	<BindNode BINDTYPE="op" DISPLAY="bind_op lshr" ID="" IMPL="auto_pipe" LATENCY="0" OPTYPE="lshr" PRAGMA="" RTLNAME="r_V_2_fu_382_p2" SOURCE="/wrk/ci/prod/2022.1/rdi_builds/continuous/2022_04_18_3526262/src/shared/hls/clib/include/header_files/ap_fixed_base.h:1488" VARIABLE="r_V_2" MODULE="exp_P1_2p" LOOP="" BUNDLEDNAME="" DSP="0" BRAM="0" URAM="0"/>
	<BindNode BINDTYPE="op" DISPLAY="bind_op shl" ID="" IMPL="auto_pipe" LATENCY="0" OPTYPE="shl" PRAGMA="" RTLNAME="r_V_3_fu_388_p2" SOURCE="/wrk/ci/prod/2022.1/rdi_builds/continuous/2022_04_18_3526262/src/shared/hls/clib/include/header_files/ap_fixed_base.h:1454" VARIABLE="r_V_3" MODULE="exp_P1_2p" LOOP="" BUNDLEDNAME="" DSP="0" BRAM="0" URAM="0"/>
	<BindNode BINDTYPE="op" DISPLAY="bind_op select" ID="" IMPL="auto_sel" LATENCY="0" OPTYPE="select" PRAGMA="" RTLNAME="val_1_fu_416_p3" SOURCE="/wrk/ci/prod/2022.1/rdi_builds/continuous/2022_04_18_3526262/src/shared/hls/clib/include/header_files/ap_fixed_base.h:1513" VARIABLE="val_1" MODULE="exp_P1_2p" LOOP="" BUNDLEDNAME="" DSP="0" BRAM="0" URAM="0"/>
	<BindNode BINDTYPE="op" DISPLAY="bind_op sub" ID="" IMPL="fabric" LATENCY="0" OPTYPE="sub" PRAGMA="" RTLNAME="result_V_6_fu_424_p2" SOURCE="/wrk/ci/prod/2022.1/rdi_builds/continuous/2022_04_18_3526262/src/shared/hls/clib/include/header_files/ap_fixed_base.h:813" VARIABLE="result_V_6" MODULE="exp_P1_2p" LOOP="" BUNDLEDNAME="" DSP="0" BRAM="0" URAM="0"/>
	<BindNode BINDTYPE="op" DISPLAY="bind_op select" ID="" IMPL="auto_sel" LATENCY="0" OPTYPE="select" PRAGMA="" RTLNAME="result_V_7_fu_430_p3" SOURCE="/wrk/ci/prod/2022.1/rdi_builds/continuous/2022_04_18_3526262/src/shared/hls/clib/hlsmath/include/FloatingPoint/hls_case_IEEE754.h:59" VARIABLE="result_V_7" MODULE="exp_P1_2p" LOOP="" BUNDLEDNAME="" DSP="0" BRAM="0" URAM="0"/>
	<BindNode BINDTYPE="op" DISPLAY="bind_op or" ID="" IMPL="auto" LATENCY="0" OPTYPE="or" PRAGMA="" RTLNAME="or_ln13_fu_442_p2" SOURCE="exp_P1_2p.c:13" VARIABLE="or_ln13" MODULE="exp_P1_2p" LOOP="" BUNDLEDNAME="" DSP="0" BRAM="0" URAM="0"/>
</BindInfo>
