<profile>

<section name = "Vitis HLS Report for 'exp_P1_2p'" level="0">
<item name = "Date">Sun Jul 16 23:02:54 2023
</item>
<item name = "Version">2022.1 (Build 3526262 on Mon Apr 18 15:47:01 MDT 2022)</item>
<item name = "Project">exp_P1_2p1</item>
<item name = "Solution">solution1 (Vivado IP Flow Target)</item>
<item name = "Product family">virtexuplus</item>
<item name = "Target device">xcvu11p-flga2577-1-e</item>
</section>

<section name = "Performance Estimates" level="0">
<item name = "Timing">
<section name = "" level="1">
<item name = "Summary"><table name="" hasTotal="0">
<keys size="4">Clock, Target, Estimated, Uncertainty</keys>
<column name="ap_clk">10.00 ns, 7.583 ns, 2.00 ns</column>
</table>
</item>
</section>
</item>
<item name = "Latency">
<section name = "" level="1">
<item name = "Summary"><table name="" hasTotal="0">
<keys size="8">, min, max, min, max, min, max, Type</keys>
<column name="">13, 13, 0.130 us, 0.130 us, 14, 14, no</column>
</table>
</item>
<item name = "Detail">
<section name = "" level="1">
<item name = "Instance"><table name="" hasTotal="0">
<keys size="9">Instance, Module, min, max, min, max, min, max, Type</keys>
</table>
</item>
<item name = "Loop"><table name="" hasTotal="0">
<keys size="8">Loop Name, min, max, Latency, achieved, target, Count, Pipelined</keys>
</table>
</item>
</section>
</item>
</section>
</item>
</section>

<section name = "Utilization Estimates" level="0">
<item name = "Summary"><table name="" hasTotal="1">
<keys size="6">Name, BRAM_18K, DSP, FF, LUT, URAM</keys>
<column name="DSP">-, -, -, -, -</column>
<column name="Expression">-, -, 0, 1343, -</column>
<column name="FIFO">-, -, -, -, -</column>
<column name="Instance">-, 5, 305, 306, -</column>
<column name="Memory">-, -, -, -, -</column>
<column name="Multiplexer">-, -, -, 107, -</column>
<column name="Register">-, -, 151, -, -</column>
<specialColumn name="Available SLR">1344, 3072, 864000, 432000, 320</specialColumn>
<specialColumn name="Utilization SLR (%)">0, ~0, ~0, ~0, 0</specialColumn>
<specialColumn name="Available">4032, 9216, 2592000, 1296000, 960</specialColumn>
<specialColumn name="Utilization (%)">0, ~0, ~0, ~0, 0</specialColumn>
</table>
</item>
<item name = "Detail">
<section name = "" level="1">
<item name = "Instance"><table name="" hasTotal="1">
<keys size="7">Instance, Module, BRAM_18K, DSP, FF, LUT, URAM</keys>
<column name="fadd_32ns_32ns_32_3_full_dsp_1_U1">fadd_32ns_32ns_32_3_full_dsp_1, 0, 2, 177, 229, 0</column>
<column name="fmul_32ns_32ns_32_2_max_dsp_1_U2">fmul_32ns_32ns_32_2_max_dsp_1, 0, 3, 128, 77, 0</column>
<column name="sitofp_32ns_32_2_no_dsp_1_U3">sitofp_32ns_32_2_no_dsp_1, 0, 0, 0, 0, 0</column>
</table>
</item>
<item name = "DSP"><table name="" hasTotal="0">
<keys size="3">Instance, Module, Expression</keys>
</table>
</item>
<item name = "Memory"><table name="" hasTotal="1">
<keys size="10">Memory, Module, BRAM_18K, FF, LUT, URAM, Words, Bits, Banks, W*Bits*Banks</keys>
</table>
</item>
<item name = "FIFO"><table name="" hasTotal="1">
<keys size="8">Name, BRAM_18K, FF, LUT, URAM, Depth, Bits, Size:D*B</keys>
</table>
</item>
<item name = "Expression"><table name="" hasTotal="1">
<keys size="7">Variable Name, Operation, DSP, FF, LUT, Bitwidth P0, Bitwidth P1</keys>
<column name="add_ln346_1_fu_342_p2">+, 0, 0, 16, 9, 8</column>
<column name="add_ln346_fu_155_p2">+, 0, 0, 16, 9, 8</column>
<column name="result_V_2_fu_237_p2">-, 0, 0, 38, 1, 31</column>
<column name="result_V_6_fu_424_p2">-, 0, 0, 39, 1, 32</column>
<column name="sub_ln1512_1_fu_356_p2">-, 0, 0, 15, 7, 8</column>
<column name="sub_ln1512_fu_169_p2">-, 0, 0, 15, 7, 8</column>
<column name="r_V_2_fu_382_p2">lshr, 0, 0, 242, 79, 79</column>
<column name="r_V_fu_195_p2">lshr, 0, 0, 242, 79, 79</column>
<column name="or_ln13_fu_442_p2">or, 0, 0, 31, 31, 31</column>
<column name="result_V_7_fu_430_p3">select, 0, 0, 32, 1, 32</column>
<column name="result_V_fu_242_p3">select, 0, 0, 31, 1, 31</column>
<column name="select_ln12_1_fu_283_p3">select, 0, 0, 31, 1, 31</column>
<column name="select_ln12_fu_275_p3">select, 0, 0, 30, 1, 30</column>
<column name="ush_1_fu_366_p3">select, 0, 0, 9, 1, 9</column>
<column name="ush_fu_179_p3">select, 0, 0, 9, 1, 9</column>
<column name="val_1_fu_416_p3">select, 0, 0, 32, 1, 32</column>
<column name="val_fu_229_p3">select, 0, 0, 31, 1, 31</column>
<column name="r_V_1_fu_201_p2">shl, 0, 0, 242, 79, 79</column>
<column name="r_V_3_fu_388_p2">shl, 0, 0, 242, 79, 79</column>
</table>
</item>
<item name = "Multiplexer"><table name="" hasTotal="1">
<keys size="5">Name, LUT, Input Size, Bits, Total Bits</keys>
<column name="ap_NS_fsm">65, 15, 1, 15</column>
<column name="grp_fu_88_p1">14, 3, 32, 96</column>
<column name="grp_fu_93_p0">14, 3, 32, 96</column>
<column name="grp_fu_93_p1">14, 3, 32, 96</column>
</table>
</item>
<item name = "Register"><table name="" hasTotal="1">
<keys size="5">Name, FF, LUT, Bits, Const Bits</keys>
<column name="ap_CS_fsm">14, 0, 14, 0</column>
<column name="conv2_reg_500">32, 0, 32, 0</column>
<column name="p_Result_s_reg_473">1, 0, 1, 0</column>
<column name="reg_102">32, 0, 32, 0</column>
<column name="reg_107">32, 0, 32, 0</column>
<column name="tmp_1_reg_494">1, 0, 1, 0</column>
<column name="tmp_4_reg_484">8, 0, 8, 0</column>
<column name="val_reg_478">31, 0, 31, 0</column>
</table>
</item>
</section>
</item>
</section>

<section name = "Interface" level="0">
<item name = "Summary"><table name="" hasTotal="0">
<keys size="6">RTL Ports, Dir, Bits, Protocol, Source Object, C Type</keys>
<column name="ap_clk">in, 1, ap_ctrl_hs, exp_P1_2p, return value</column>
<column name="ap_rst">in, 1, ap_ctrl_hs, exp_P1_2p, return value</column>
<column name="ap_start">in, 1, ap_ctrl_hs, exp_P1_2p, return value</column>
<column name="ap_done">out, 1, ap_ctrl_hs, exp_P1_2p, return value</column>
<column name="ap_idle">out, 1, ap_ctrl_hs, exp_P1_2p, return value</column>
<column name="ap_ready">out, 1, ap_ctrl_hs, exp_P1_2p, return value</column>
<column name="ap_return">out, 32, ap_ctrl_hs, exp_P1_2p, return value</column>
<column name="x">in, 32, ap_none, x, scalar</column>
</table>
</item>
</section>
</profile>
