<stg><name>exp_P1_2p</name>


<trans_list>

<trans id="89" from="1" to="2">
<condition id="-1">
<or_exp><and_exp></and_exp></or_exp>
</condition>
</trans>

<trans id="90" from="2" to="3">
<condition id="-1">
<or_exp><and_exp></and_exp></or_exp>
</condition>
</trans>

<trans id="91" from="3" to="4">
<condition id="-1">
<or_exp><and_exp></and_exp></or_exp>
</condition>
</trans>

<trans id="92" from="4" to="5">
<condition id="-1">
<or_exp><and_exp></and_exp></or_exp>
</condition>
</trans>

<trans id="93" from="5" to="6">
<condition id="-1">
<or_exp><and_exp></and_exp></or_exp>
</condition>
</trans>

<trans id="94" from="6" to="7">
<condition id="-1">
<or_exp><and_exp></and_exp></or_exp>
</condition>
</trans>

<trans id="95" from="7" to="8">
<condition id="-1">
<or_exp><and_exp></and_exp></or_exp>
</condition>
</trans>

<trans id="96" from="8" to="9">
<condition id="-1">
<or_exp><and_exp></and_exp></or_exp>
</condition>
</trans>

<trans id="97" from="9" to="10">
<condition id="-1">
<or_exp><and_exp></and_exp></or_exp>
</condition>
</trans>

<trans id="98" from="10" to="11">
<condition id="-1">
<or_exp><and_exp></and_exp></or_exp>
</condition>
</trans>

<trans id="99" from="11" to="12">
<condition id="-1">
<or_exp><and_exp></and_exp></or_exp>
</condition>
</trans>

<trans id="100" from="12" to="13">
<condition id="-1">
<or_exp><and_exp></and_exp></or_exp>
</condition>
</trans>

<trans id="101" from="13" to="14">
<condition id="-1">
<or_exp><and_exp></and_exp></or_exp>
</condition>
</trans>
</trans_list>



<state_list>

<state id="1" st_id="1">

<operation id="15" st_id="1" stage="1" lat="1">
<core>NULL</core>
<MemPortIdVec></MemPortIdVec>
<condition id="-1">
<or_exp><and_exp></and_exp></or_exp>
</condition>

<Node id="6" bw="32" op_0_bw="32" op_1_bw="32">
<![CDATA[
entry:4 %x_read = read i32 @_ssdm_op_Read.ap_auto.float, i32 %x

]]></Node>
<StgValue><ssdm name="x_read"/></StgValue>
</operation>

<operation id="16" st_id="1" stage="2" lat="2">
<core>FMul_maxdsp</core>
<MemPortIdVec></MemPortIdVec>
<condition id="-1">
<or_exp><and_exp></and_exp></or_exp>
</condition>

<Node id="7" bw="32" op_0_bw="32" op_1_bw="32">
<![CDATA[
entry:5 %mul = fmul i32 %x_read, i32 1.21022e+07

]]></Node>
<StgValue><ssdm name="mul"/></StgValue>
</operation>
</state>

<state id="2" st_id="2">

<operation id="17" st_id="2" stage="1" lat="2">
<core>FMul_maxdsp</core>
<MemPortIdVec></MemPortIdVec>
<condition id="-1">
<or_exp><and_exp></and_exp></or_exp>
</condition>

<Node id="7" bw="32" op_0_bw="32" op_1_bw="32">
<![CDATA[
entry:5 %mul = fmul i32 %x_read, i32 1.21022e+07

]]></Node>
<StgValue><ssdm name="mul"/></StgValue>
</operation>
</state>

<state id="3" st_id="3">

<operation id="18" st_id="3" stage="3" lat="3">
<core>FAddSub_fulldsp</core>
<MemPortIdVec></MemPortIdVec>
<condition id="-1">
<or_exp><and_exp></and_exp></or_exp>
</condition>

<Node id="8" bw="32" op_0_bw="32" op_1_bw="32">
<![CDATA[
entry:6 %dc = fadd i32 %mul, i32 1.06535e+09

]]></Node>
<StgValue><ssdm name="dc"/></StgValue>
</operation>
</state>

<state id="4" st_id="4">

<operation id="19" st_id="4" stage="2" lat="3">
<core>FAddSub_fulldsp</core>
<MemPortIdVec></MemPortIdVec>
<condition id="-1">
<or_exp><and_exp></and_exp></or_exp>
</condition>

<Node id="8" bw="32" op_0_bw="32" op_1_bw="32">
<![CDATA[
entry:6 %dc = fadd i32 %mul, i32 1.06535e+09

]]></Node>
<StgValue><ssdm name="dc"/></StgValue>
</operation>
</state>

<state id="5" st_id="5">

<operation id="20" st_id="5" stage="1" lat="3">
<core>FAddSub_fulldsp</core>
<MemPortIdVec></MemPortIdVec>
<condition id="-1">
<or_exp><and_exp></and_exp></or_exp>
</condition>

<Node id="8" bw="32" op_0_bw="32" op_1_bw="32">
<![CDATA[
entry:6 %dc = fadd i32 %mul, i32 1.06535e+09

]]></Node>
<StgValue><ssdm name="dc"/></StgValue>
</operation>
</state>

<state id="6" st_id="6">

<operation id="21" st_id="6" stage="1" lat="1">
<core>NULL</core>
<MemPortIdVec></MemPortIdVec>
<condition id="-1">
<or_exp><and_exp></and_exp></or_exp>
</condition>

<Node id="9" bw="32" op_0_bw="32">
<![CDATA[
entry:7 %data_V = bitcast i32 %dc

]]></Node>
<StgValue><ssdm name="data_V"/></StgValue>
</operation>

<operation id="22" st_id="6" stage="1" lat="1">
<core>NULL</core>
<MemPortIdVec></MemPortIdVec>
<condition id="-1">
<or_exp><and_exp></and_exp></or_exp>
</condition>

<Node id="10" bw="1" op_0_bw="1" op_1_bw="32" op_2_bw="32">
<![CDATA[
entry:8 %p_Result_s = bitselect i1 @_ssdm_op_BitSelect.i1.i32.i32, i32 %data_V, i32 31

]]></Node>
<StgValue><ssdm name="p_Result_s"/></StgValue>
</operation>

<operation id="23" st_id="6" stage="1" lat="1">
<core>NULL</core>
<MemPortIdVec></MemPortIdVec>
<condition id="-1">
<or_exp><and_exp></and_exp></or_exp>
</condition>

<Node id="11" bw="8" op_0_bw="8" op_1_bw="32" op_2_bw="32" op_3_bw="32">
<![CDATA[
entry:9 %xs_exp_V = partselect i8 @_ssdm_op_PartSelect.i8.i32.i32.i32, i32 %data_V, i32 23, i32 30

]]></Node>
<StgValue><ssdm name="xs_exp_V"/></StgValue>
</operation>

<operation id="24" st_id="6" stage="1" lat="1">
<core>NULL</core>
<MemPortIdVec></MemPortIdVec>
<condition id="-1">
<or_exp><and_exp></and_exp></or_exp>
</condition>

<Node id="12" bw="23" op_0_bw="32">
<![CDATA[
entry:10 %p_Result_1 = trunc i32 %data_V

]]></Node>
<StgValue><ssdm name="p_Result_1"/></StgValue>
</operation>

<operation id="25" st_id="6" stage="1" lat="1">
<core>NULL</core>
<MemPortIdVec></MemPortIdVec>
<condition id="-1">
<or_exp><and_exp></and_exp></or_exp>
</condition>

<Node id="13" bw="25" op_0_bw="25" op_1_bw="1" op_2_bw="23" op_3_bw="1">
<![CDATA[
entry:11 %mantissa = bitconcatenate i25 @_ssdm_op_BitConcatenate.i25.i1.i23.i1, i1 1, i23 %p_Result_1, i1 0

]]></Node>
<StgValue><ssdm name="mantissa"/></StgValue>
</operation>

<operation id="26" st_id="6" stage="1" lat="1">
<core>NULL</core>
<MemPortIdVec></MemPortIdVec>
<condition id="-1">
<or_exp><and_exp></and_exp></or_exp>
</condition>

<Node id="14" bw="79" op_0_bw="25">
<![CDATA[
entry:12 %zext_ln15 = zext i25 %mantissa

]]></Node>
<StgValue><ssdm name="zext_ln15"/></StgValue>
</operation>

<operation id="27" st_id="6" stage="1" lat="1">
<core>NULL</core>
<MemPortIdVec></MemPortIdVec>
<condition id="-1">
<or_exp><and_exp></and_exp></or_exp>
</condition>

<Node id="15" bw="9" op_0_bw="8">
<![CDATA[
entry:13 %zext_ln346 = zext i8 %xs_exp_V

]]></Node>
<StgValue><ssdm name="zext_ln346"/></StgValue>
</operation>

<operation id="28" st_id="6" stage="1" lat="1">
<core>Adder</core>
<MemPortIdVec></MemPortIdVec>
<condition id="-1">
<or_exp><and_exp></and_exp></or_exp>
</condition>

<Node id="16" bw="9" op_0_bw="9" op_1_bw="9">
<![CDATA[
entry:14 %add_ln346 = add i9 %zext_ln346, i9 385

]]></Node>
<StgValue><ssdm name="add_ln346"/></StgValue>
</operation>

<operation id="29" st_id="6" stage="1" lat="1">
<core>NULL</core>
<MemPortIdVec></MemPortIdVec>
<condition id="-1">
<or_exp><and_exp></and_exp></or_exp>
</condition>

<Node id="17" bw="1" op_0_bw="1" op_1_bw="9" op_2_bw="32">
<![CDATA[
entry:15 %isNeg = bitselect i1 @_ssdm_op_BitSelect.i1.i9.i32, i9 %add_ln346, i32 8

]]></Node>
<StgValue><ssdm name="isNeg"/></StgValue>
</operation>

<operation id="30" st_id="6" stage="1" lat="1">
<core>Adder</core>
<MemPortIdVec></MemPortIdVec>
<condition id="-1">
<or_exp><and_exp></and_exp></or_exp>
</condition>

<Node id="18" bw="8" op_0_bw="8" op_1_bw="8">
<![CDATA[
entry:16 %sub_ln1512 = sub i8 127, i8 %xs_exp_V

]]></Node>
<StgValue><ssdm name="sub_ln1512"/></StgValue>
</operation>

<operation id="31" st_id="6" stage="1" lat="1">
<core>NULL</core>
<MemPortIdVec></MemPortIdVec>
<condition id="-1">
<or_exp><and_exp></and_exp></or_exp>
</condition>

<Node id="19" bw="9" op_0_bw="8">
<![CDATA[
entry:17 %sext_ln1512 = sext i8 %sub_ln1512

]]></Node>
<StgValue><ssdm name="sext_ln1512"/></StgValue>
</operation>

<operation id="32" st_id="6" stage="1" lat="1">
<core>Sel</core>
<MemPortIdVec></MemPortIdVec>
<condition id="-1">
<or_exp><and_exp></and_exp></or_exp>
</condition>

<Node id="20" bw="9" op_0_bw="1" op_1_bw="9" op_2_bw="9">
<![CDATA[
entry:18 %ush = select i1 %isNeg, i9 %sext_ln1512, i9 %add_ln346

]]></Node>
<StgValue><ssdm name="ush"/></StgValue>
</operation>

<operation id="33" st_id="6" stage="1" lat="1">
<core>NULL</core>
<MemPortIdVec></MemPortIdVec>
<condition id="-1">
<or_exp><and_exp></and_exp></or_exp>
</condition>

<Node id="21" bw="32" op_0_bw="9">
<![CDATA[
entry:19 %sext_ln1488 = sext i9 %ush

]]></Node>
<StgValue><ssdm name="sext_ln1488"/></StgValue>
</operation>

<operation id="34" st_id="6" stage="1" lat="1">
<core>NULL</core>
<MemPortIdVec></MemPortIdVec>
<condition id="-1">
<or_exp><and_exp></and_exp></or_exp>
</condition>

<Node id="22" bw="79" op_0_bw="32">
<![CDATA[
entry:20 %zext_ln1488 = zext i32 %sext_ln1488

]]></Node>
<StgValue><ssdm name="zext_ln1488"/></StgValue>
</operation>

<operation id="35" st_id="6" stage="1" lat="1">
<core>Shifter</core>
<MemPortIdVec></MemPortIdVec>
<condition id="-1">
<or_exp><and_exp></and_exp></or_exp>
</condition>

<Node id="23" bw="79" op_0_bw="79" op_1_bw="79">
<![CDATA[
entry:21 %r_V = lshr i79 %zext_ln15, i79 %zext_ln1488

]]></Node>
<StgValue><ssdm name="r_V"/></StgValue>
</operation>

<operation id="36" st_id="6" stage="1" lat="1">
<core>Shifter</core>
<MemPortIdVec></MemPortIdVec>
<condition id="-1">
<or_exp><and_exp></and_exp></or_exp>
</condition>

<Node id="24" bw="79" op_0_bw="79" op_1_bw="79">
<![CDATA[
entry:22 %r_V_1 = shl i79 %zext_ln15, i79 %zext_ln1488

]]></Node>
<StgValue><ssdm name="r_V_1"/></StgValue>
</operation>

<operation id="37" st_id="6" stage="1" lat="1">
<core>NULL</core>
<MemPortIdVec></MemPortIdVec>
<condition id="-1">
<or_exp><and_exp></and_exp></or_exp>
</condition>

<Node id="25" bw="1" op_0_bw="1" op_1_bw="79" op_2_bw="32">
<![CDATA[
entry:23 %tmp = bitselect i1 @_ssdm_op_BitSelect.i1.i79.i32, i79 %r_V, i32 24

]]></Node>
<StgValue><ssdm name="tmp"/></StgValue>
</operation>

<operation id="38" st_id="6" stage="1" lat="1">
<core>NULL</core>
<MemPortIdVec></MemPortIdVec>
<condition id="-1">
<or_exp><and_exp></and_exp></or_exp>
</condition>

<Node id="26" bw="31" op_0_bw="1">
<![CDATA[
entry:24 %zext_ln818 = zext i1 %tmp

]]></Node>
<StgValue><ssdm name="zext_ln818"/></StgValue>
</operation>

<operation id="39" st_id="6" stage="1" lat="1">
<core>NULL</core>
<MemPortIdVec></MemPortIdVec>
<condition id="-1">
<or_exp><and_exp></and_exp></or_exp>
</condition>

<Node id="27" bw="31" op_0_bw="31" op_1_bw="79" op_2_bw="32" op_3_bw="32">
<![CDATA[
entry:25 %tmp_3 = partselect i31 @_ssdm_op_PartSelect.i31.i79.i32.i32, i79 %r_V_1, i32 24, i32 54

]]></Node>
<StgValue><ssdm name="tmp_3"/></StgValue>
</operation>

<operation id="40" st_id="6" stage="1" lat="1">
<core>Sel</core>
<MemPortIdVec></MemPortIdVec>
<condition id="-1">
<or_exp><and_exp></and_exp></or_exp>
</condition>

<Node id="28" bw="31" op_0_bw="1" op_1_bw="31" op_2_bw="31">
<![CDATA[
entry:26 %val = select i1 %isNeg, i31 %zext_ln818, i31 %tmp_3

]]></Node>
<StgValue><ssdm name="val"/></StgValue>
</operation>
</state>

<state id="7" st_id="7">

<operation id="41" st_id="7" stage="1" lat="1">
<core>Adder</core>
<MemPortIdVec></MemPortIdVec>
<condition id="-1">
<or_exp><and_exp><literal name="p_Result_s" val="1"/>
</and_exp></or_exp>
</condition>

<Node id="29" bw="31" op_0_bw="31" op_1_bw="31">
<![CDATA[
entry:27 %result_V_2 = sub i31 0, i31 %val

]]></Node>
<StgValue><ssdm name="result_V_2"/></StgValue>
</operation>

<operation id="42" st_id="7" stage="1" lat="1">
<core>Sel</core>
<MemPortIdVec></MemPortIdVec>
<condition id="-1">
<or_exp><and_exp></and_exp></or_exp>
</condition>

<Node id="30" bw="31" op_0_bw="1" op_1_bw="31" op_2_bw="31">
<![CDATA[
entry:28 %result_V = select i1 %p_Result_s, i31 %result_V_2, i31 %val

]]></Node>
<StgValue><ssdm name="result_V"/></StgValue>
</operation>

<operation id="43" st_id="7" stage="1" lat="1">
<core>NULL</core>
<MemPortIdVec></MemPortIdVec>
<condition id="-1">
<or_exp><and_exp></and_exp></or_exp>
</condition>

<Node id="31" bw="23" op_0_bw="31">
<![CDATA[
entry:29 %zif = trunc i31 %result_V

]]></Node>
<StgValue><ssdm name="zif"/></StgValue>
</operation>

<operation id="44" st_id="7" stage="1" lat="1">
<core>NULL</core>
<MemPortIdVec></MemPortIdVec>
<condition id="-1">
<or_exp><and_exp></and_exp></or_exp>
</condition>

<Node id="32" bw="8" op_0_bw="8" op_1_bw="31" op_2_bw="32" op_3_bw="32">
<![CDATA[
entry:30 %tmp_4 = partselect i8 @_ssdm_op_PartSelect.i8.i31.i32.i32, i31 %result_V, i32 23, i32 30

]]></Node>
<StgValue><ssdm name="tmp_4"/></StgValue>
</operation>

<operation id="45" st_id="7" stage="1" lat="1">
<core>NULL</core>
<MemPortIdVec></MemPortIdVec>
<condition id="-1">
<or_exp><and_exp></and_exp></or_exp>
</condition>

<Node id="34" bw="32" op_0_bw="23">
<![CDATA[
entry:32 %zext_ln10 = zext i23 %zif

]]></Node>
<StgValue><ssdm name="zext_ln10"/></StgValue>
</operation>

<operation id="46" st_id="7" stage="2" lat="2">
<core>Int2Float</core>
<MemPortIdVec></MemPortIdVec>
<condition id="-1">
<or_exp><and_exp></and_exp></or_exp>
</condition>

<Node id="35" bw="32" op_0_bw="32">
<![CDATA[
entry:33 %conv2 = sitofp i32 %zext_ln10

]]></Node>
<StgValue><ssdm name="conv2"/></StgValue>
</operation>

<operation id="47" st_id="7" stage="1" lat="1">
<core>NULL</core>
<MemPortIdVec></MemPortIdVec>
<condition id="-1">
<or_exp><and_exp></and_exp></or_exp>
</condition>

<Node id="36" bw="1" op_0_bw="1" op_1_bw="31" op_2_bw="32">
<![CDATA[
entry:34 %tmp_1 = bitselect i1 @_ssdm_op_BitSelect.i1.i31.i32, i31 %result_V, i32 22

]]></Node>
<StgValue><ssdm name="tmp_1"/></StgValue>
</operation>
</state>

<state id="8" st_id="8">

<operation id="48" st_id="8" stage="1" lat="2">
<core>Int2Float</core>
<MemPortIdVec></MemPortIdVec>
<condition id="-1">
<or_exp><and_exp></and_exp></or_exp>
</condition>

<Node id="35" bw="32" op_0_bw="32">
<![CDATA[
entry:33 %conv2 = sitofp i32 %zext_ln10

]]></Node>
<StgValue><ssdm name="conv2"/></StgValue>
</operation>
</state>

<state id="9" st_id="9">

<operation id="49" st_id="9" stage="1" lat="1">
<core>Sel</core>
<MemPortIdVec></MemPortIdVec>
<condition id="-1">
<or_exp><and_exp></and_exp></or_exp>
</condition>

<Node id="37" bw="32" op_0_bw="1" op_1_bw="32" op_2_bw="32">
<![CDATA[
entry:35 %select_ln12 = select i1 %tmp_1, i32 1.17157, i32 0.828427

]]></Node>
<StgValue><ssdm name="select_ln12"/></StgValue>
</operation>

<operation id="50" st_id="9" stage="2" lat="2">
<core>FMul_maxdsp</core>
<MemPortIdVec></MemPortIdVec>
<condition id="-1">
<or_exp><and_exp></and_exp></or_exp>
</condition>

<Node id="38" bw="32" op_0_bw="32" op_1_bw="32">
<![CDATA[
entry:36 %mul3 = fmul i32 %conv2, i32 %select_ln12

]]></Node>
<StgValue><ssdm name="mul3"/></StgValue>
</operation>
</state>

<state id="10" st_id="10">

<operation id="51" st_id="10" stage="1" lat="2">
<core>FMul_maxdsp</core>
<MemPortIdVec></MemPortIdVec>
<condition id="-1">
<or_exp><and_exp></and_exp></or_exp>
</condition>

<Node id="38" bw="32" op_0_bw="32" op_1_bw="32">
<![CDATA[
entry:36 %mul3 = fmul i32 %conv2, i32 %select_ln12

]]></Node>
<StgValue><ssdm name="mul3"/></StgValue>
</operation>
</state>

<state id="11" st_id="11">

<operation id="52" st_id="11" stage="1" lat="1">
<core>Sel</core>
<MemPortIdVec></MemPortIdVec>
<condition id="-1">
<or_exp><and_exp></and_exp></or_exp>
</condition>

<Node id="39" bw="32" op_0_bw="1" op_1_bw="32" op_2_bw="32">
<![CDATA[
entry:37 %select_ln12_1 = select i1 %tmp_1, i32 -1.43926e+06, i32 0

]]></Node>
<StgValue><ssdm name="select_ln12_1"/></StgValue>
</operation>

<operation id="53" st_id="11" stage="3" lat="3">
<core>FAddSub_fulldsp</core>
<MemPortIdVec></MemPortIdVec>
<condition id="-1">
<or_exp><and_exp></and_exp></or_exp>
</condition>

<Node id="40" bw="32" op_0_bw="32" op_1_bw="32">
<![CDATA[
entry:38 %dc_1 = fadd i32 %mul3, i32 %select_ln12_1

]]></Node>
<StgValue><ssdm name="dc_1"/></StgValue>
</operation>
</state>

<state id="12" st_id="12">

<operation id="54" st_id="12" stage="2" lat="3">
<core>FAddSub_fulldsp</core>
<MemPortIdVec></MemPortIdVec>
<condition id="-1">
<or_exp><and_exp></and_exp></or_exp>
</condition>

<Node id="40" bw="32" op_0_bw="32" op_1_bw="32">
<![CDATA[
entry:38 %dc_1 = fadd i32 %mul3, i32 %select_ln12_1

]]></Node>
<StgValue><ssdm name="dc_1"/></StgValue>
</operation>
</state>

<state id="13" st_id="13">

<operation id="55" st_id="13" stage="1" lat="3">
<core>FAddSub_fulldsp</core>
<MemPortIdVec></MemPortIdVec>
<condition id="-1">
<or_exp><and_exp></and_exp></or_exp>
</condition>

<Node id="40" bw="32" op_0_bw="32" op_1_bw="32">
<![CDATA[
entry:38 %dc_1 = fadd i32 %mul3, i32 %select_ln12_1

]]></Node>
<StgValue><ssdm name="dc_1"/></StgValue>
</operation>
</state>

<state id="14" st_id="14">

<operation id="56" st_id="14" stage="1" lat="1">
<core>NULL</core>
<MemPortIdVec></MemPortIdVec>
<condition id="-1">
<or_exp><and_exp></and_exp></or_exp>
</condition>

<Node id="2" bw="0" op_0_bw="0" op_1_bw="32">
<![CDATA[
entry:0 %specbitsmap_ln0 = specbitsmap void @_ssdm_op_SpecBitsMap, i32 0

]]></Node>
<StgValue><ssdm name="specbitsmap_ln0"/></StgValue>
</operation>

<operation id="57" st_id="14" stage="1" lat="1">
<core>NULL</core>
<MemPortIdVec></MemPortIdVec>
<condition id="-1">
<or_exp><and_exp></and_exp></or_exp>
</condition>

<Node id="3" bw="0" op_0_bw="0" op_1_bw="0">
<![CDATA[
entry:1 %spectopmodule_ln3 = spectopmodule void @_ssdm_op_SpecTopModule, void @empty_1

]]></Node>
<StgValue><ssdm name="spectopmodule_ln3"/></StgValue>
</operation>

<operation id="58" st_id="14" stage="1" lat="1">
<core>NULL</core>
<MemPortIdVec></MemPortIdVec>
<condition id="-1">
<or_exp><and_exp></and_exp></or_exp>
</condition>

<Node id="4" bw="0" op_0_bw="0" op_1_bw="32">
<![CDATA[
entry:2 %specbitsmap_ln0 = specbitsmap void @_ssdm_op_SpecBitsMap, i32 %x

]]></Node>
<StgValue><ssdm name="specbitsmap_ln0"/></StgValue>
</operation>

<operation id="59" st_id="14" stage="1" lat="1">
<core>NULL</core>
<MemPortIdVec></MemPortIdVec>
<condition id="-1">
<or_exp><and_exp></and_exp></or_exp>
</condition>

<Node id="5" bw="0" op_0_bw="0" op_1_bw="32" op_2_bw="0" op_3_bw="32" op_4_bw="32" op_5_bw="0" op_6_bw="32" op_7_bw="32" op_8_bw="0" op_9_bw="0" op_10_bw="0" op_11_bw="32" op_12_bw="32" op_13_bw="32" op_14_bw="32" op_15_bw="0" op_16_bw="0" op_17_bw="32" op_18_bw="32">
<![CDATA[
entry:3 %specinterface_ln0 = specinterface void @_ssdm_op_SpecInterface, i32 %x, void @empty, i32 0, i32 0, void @empty_0, i32 0, i32 0, void @empty_0, void @empty_0, void @empty_0, i32 0, i32 0, i32 0, i32 0, void @empty_0, void @empty_0, i32 4294967295, i32 0

]]></Node>
<StgValue><ssdm name="specinterface_ln0"/></StgValue>
</operation>

<operation id="60" st_id="14" stage="1" lat="1">
<core>NULL</core>
<MemPortIdVec></MemPortIdVec>
<condition id="-1">
<or_exp><and_exp></and_exp></or_exp>
</condition>

<Node id="33" bw="31" op_0_bw="31" op_1_bw="8" op_2_bw="23">
<![CDATA[
entry:31 %zii = bitconcatenate i31 @_ssdm_op_BitConcatenate.i31.i8.i23, i8 %tmp_4, i23 0

]]></Node>
<StgValue><ssdm name="zii"/></StgValue>
</operation>

<operation id="61" st_id="14" stage="1" lat="1">
<core>NULL</core>
<MemPortIdVec></MemPortIdVec>
<condition id="-1">
<or_exp><and_exp></and_exp></or_exp>
</condition>

<Node id="41" bw="32" op_0_bw="32">
<![CDATA[
entry:39 %data_V_1 = bitcast i32 %dc_1

]]></Node>
<StgValue><ssdm name="data_V_1"/></StgValue>
</operation>

<operation id="62" st_id="14" stage="1" lat="1">
<core>NULL</core>
<MemPortIdVec></MemPortIdVec>
<condition id="-1">
<or_exp><and_exp></and_exp></or_exp>
</condition>

<Node id="42" bw="1" op_0_bw="1" op_1_bw="32" op_2_bw="32">
<![CDATA[
entry:40 %p_Result_2 = bitselect i1 @_ssdm_op_BitSelect.i1.i32.i32, i32 %data_V_1, i32 31

]]></Node>
<StgValue><ssdm name="p_Result_2"/></StgValue>
</operation>

<operation id="63" st_id="14" stage="1" lat="1">
<core>NULL</core>
<MemPortIdVec></MemPortIdVec>
<condition id="-1">
<or_exp><and_exp></and_exp></or_exp>
</condition>

<Node id="43" bw="8" op_0_bw="8" op_1_bw="32" op_2_bw="32" op_3_bw="32">
<![CDATA[
entry:41 %xs_exp_V_1 = partselect i8 @_ssdm_op_PartSelect.i8.i32.i32.i32, i32 %data_V_1, i32 23, i32 30

]]></Node>
<StgValue><ssdm name="xs_exp_V_1"/></StgValue>
</operation>

<operation id="64" st_id="14" stage="1" lat="1">
<core>NULL</core>
<MemPortIdVec></MemPortIdVec>
<condition id="-1">
<or_exp><and_exp></and_exp></or_exp>
</condition>

<Node id="44" bw="23" op_0_bw="32">
<![CDATA[
entry:42 %p_Result_3 = trunc i32 %data_V_1

]]></Node>
<StgValue><ssdm name="p_Result_3"/></StgValue>
</operation>

<operation id="65" st_id="14" stage="1" lat="1">
<core>NULL</core>
<MemPortIdVec></MemPortIdVec>
<condition id="-1">
<or_exp><and_exp></and_exp></or_exp>
</condition>

<Node id="45" bw="25" op_0_bw="25" op_1_bw="1" op_2_bw="23" op_3_bw="1">
<![CDATA[
entry:43 %mantissa_1 = bitconcatenate i25 @_ssdm_op_BitConcatenate.i25.i1.i23.i1, i1 1, i23 %p_Result_3, i1 0

]]></Node>
<StgValue><ssdm name="mantissa_1"/></StgValue>
</operation>

<operation id="66" st_id="14" stage="1" lat="1">
<core>NULL</core>
<MemPortIdVec></MemPortIdVec>
<condition id="-1">
<or_exp><and_exp></and_exp></or_exp>
</condition>

<Node id="46" bw="79" op_0_bw="25">
<![CDATA[
entry:44 %zext_ln15_1 = zext i25 %mantissa_1

]]></Node>
<StgValue><ssdm name="zext_ln15_1"/></StgValue>
</operation>

<operation id="67" st_id="14" stage="1" lat="1">
<core>NULL</core>
<MemPortIdVec></MemPortIdVec>
<condition id="-1">
<or_exp><and_exp></and_exp></or_exp>
</condition>

<Node id="47" bw="9" op_0_bw="8">
<![CDATA[
entry:45 %zext_ln346_1 = zext i8 %xs_exp_V_1

]]></Node>
<StgValue><ssdm name="zext_ln346_1"/></StgValue>
</operation>

<operation id="68" st_id="14" stage="1" lat="1">
<core>Adder</core>
<MemPortIdVec></MemPortIdVec>
<condition id="-1">
<or_exp><and_exp></and_exp></or_exp>
</condition>

<Node id="48" bw="9" op_0_bw="9" op_1_bw="9">
<![CDATA[
entry:46 %add_ln346_1 = add i9 %zext_ln346_1, i9 385

]]></Node>
<StgValue><ssdm name="add_ln346_1"/></StgValue>
</operation>

<operation id="69" st_id="14" stage="1" lat="1">
<core>NULL</core>
<MemPortIdVec></MemPortIdVec>
<condition id="-1">
<or_exp><and_exp></and_exp></or_exp>
</condition>

<Node id="49" bw="1" op_0_bw="1" op_1_bw="9" op_2_bw="32">
<![CDATA[
entry:47 %isNeg_1 = bitselect i1 @_ssdm_op_BitSelect.i1.i9.i32, i9 %add_ln346_1, i32 8

]]></Node>
<StgValue><ssdm name="isNeg_1"/></StgValue>
</operation>

<operation id="70" st_id="14" stage="1" lat="1">
<core>Adder</core>
<MemPortIdVec></MemPortIdVec>
<condition id="-1">
<or_exp><and_exp></and_exp></or_exp>
</condition>

<Node id="50" bw="8" op_0_bw="8" op_1_bw="8">
<![CDATA[
entry:48 %sub_ln1512_1 = sub i8 127, i8 %xs_exp_V_1

]]></Node>
<StgValue><ssdm name="sub_ln1512_1"/></StgValue>
</operation>

<operation id="71" st_id="14" stage="1" lat="1">
<core>NULL</core>
<MemPortIdVec></MemPortIdVec>
<condition id="-1">
<or_exp><and_exp></and_exp></or_exp>
</condition>

<Node id="51" bw="9" op_0_bw="8">
<![CDATA[
entry:49 %sext_ln1512_1 = sext i8 %sub_ln1512_1

]]></Node>
<StgValue><ssdm name="sext_ln1512_1"/></StgValue>
</operation>

<operation id="72" st_id="14" stage="1" lat="1">
<core>Sel</core>
<MemPortIdVec></MemPortIdVec>
<condition id="-1">
<or_exp><and_exp></and_exp></or_exp>
</condition>

<Node id="52" bw="9" op_0_bw="1" op_1_bw="9" op_2_bw="9">
<![CDATA[
entry:50 %ush_1 = select i1 %isNeg_1, i9 %sext_ln1512_1, i9 %add_ln346_1

]]></Node>
<StgValue><ssdm name="ush_1"/></StgValue>
</operation>

<operation id="73" st_id="14" stage="1" lat="1">
<core>NULL</core>
<MemPortIdVec></MemPortIdVec>
<condition id="-1">
<or_exp><and_exp></and_exp></or_exp>
</condition>

<Node id="53" bw="32" op_0_bw="9">
<![CDATA[
entry:51 %sext_ln1488_1 = sext i9 %ush_1

]]></Node>
<StgValue><ssdm name="sext_ln1488_1"/></StgValue>
</operation>

<operation id="74" st_id="14" stage="1" lat="1">
<core>NULL</core>
<MemPortIdVec></MemPortIdVec>
<condition id="-1">
<or_exp><and_exp></and_exp></or_exp>
</condition>

<Node id="54" bw="79" op_0_bw="32">
<![CDATA[
entry:52 %zext_ln1488_1 = zext i32 %sext_ln1488_1

]]></Node>
<StgValue><ssdm name="zext_ln1488_1"/></StgValue>
</operation>

<operation id="75" st_id="14" stage="1" lat="1">
<core>Shifter</core>
<MemPortIdVec></MemPortIdVec>
<condition id="-1">
<or_exp><and_exp></and_exp></or_exp>
</condition>

<Node id="55" bw="79" op_0_bw="79" op_1_bw="79">
<![CDATA[
entry:53 %r_V_2 = lshr i79 %zext_ln15_1, i79 %zext_ln1488_1

]]></Node>
<StgValue><ssdm name="r_V_2"/></StgValue>
</operation>

<operation id="76" st_id="14" stage="1" lat="1">
<core>Shifter</core>
<MemPortIdVec></MemPortIdVec>
<condition id="-1">
<or_exp><and_exp></and_exp></or_exp>
</condition>

<Node id="56" bw="79" op_0_bw="79" op_1_bw="79">
<![CDATA[
entry:54 %r_V_3 = shl i79 %zext_ln15_1, i79 %zext_ln1488_1

]]></Node>
<StgValue><ssdm name="r_V_3"/></StgValue>
</operation>

<operation id="77" st_id="14" stage="1" lat="1">
<core>NULL</core>
<MemPortIdVec></MemPortIdVec>
<condition id="-1">
<or_exp><and_exp></and_exp></or_exp>
</condition>

<Node id="57" bw="1" op_0_bw="1" op_1_bw="79" op_2_bw="32">
<![CDATA[
entry:55 %tmp_8 = bitselect i1 @_ssdm_op_BitSelect.i1.i79.i32, i79 %r_V_2, i32 24

]]></Node>
<StgValue><ssdm name="tmp_8"/></StgValue>
</operation>

<operation id="78" st_id="14" stage="1" lat="1">
<core>NULL</core>
<MemPortIdVec></MemPortIdVec>
<condition id="-1">
<or_exp><and_exp></and_exp></or_exp>
</condition>

<Node id="58" bw="32" op_0_bw="1">
<![CDATA[
entry:56 %zext_ln818_1 = zext i1 %tmp_8

]]></Node>
<StgValue><ssdm name="zext_ln818_1"/></StgValue>
</operation>

<operation id="79" st_id="14" stage="1" lat="1">
<core>NULL</core>
<MemPortIdVec></MemPortIdVec>
<condition id="-1">
<or_exp><and_exp></and_exp></or_exp>
</condition>

<Node id="59" bw="32" op_0_bw="32" op_1_bw="79" op_2_bw="32" op_3_bw="32">
<![CDATA[
entry:57 %tmp_7 = partselect i32 @_ssdm_op_PartSelect.i32.i79.i32.i32, i79 %r_V_3, i32 24, i32 55

]]></Node>
<StgValue><ssdm name="tmp_7"/></StgValue>
</operation>

<operation id="80" st_id="14" stage="1" lat="1">
<core>Sel</core>
<MemPortIdVec></MemPortIdVec>
<condition id="-1">
<or_exp><and_exp></and_exp></or_exp>
</condition>

<Node id="60" bw="32" op_0_bw="1" op_1_bw="32" op_2_bw="32">
<![CDATA[
entry:58 %val_1 = select i1 %isNeg_1, i32 %zext_ln818_1, i32 %tmp_7

]]></Node>
<StgValue><ssdm name="val_1"/></StgValue>
</operation>

<operation id="81" st_id="14" stage="1" lat="1">
<core>Adder</core>
<MemPortIdVec></MemPortIdVec>
<condition id="-1">
<or_exp><and_exp></and_exp></or_exp>
</condition>

<Node id="61" bw="32" op_0_bw="32" op_1_bw="32">
<![CDATA[
entry:59 %result_V_6 = sub i32 0, i32 %val_1

]]></Node>
<StgValue><ssdm name="result_V_6"/></StgValue>
</operation>

<operation id="82" st_id="14" stage="1" lat="1">
<core>Sel</core>
<MemPortIdVec></MemPortIdVec>
<condition id="-1">
<or_exp><and_exp></and_exp></or_exp>
</condition>

<Node id="62" bw="32" op_0_bw="1" op_1_bw="32" op_2_bw="32">
<![CDATA[
entry:60 %result_V_7 = select i1 %p_Result_2, i32 %result_V_6, i32 %val_1

]]></Node>
<StgValue><ssdm name="result_V_7"/></StgValue>
</operation>

<operation id="83" st_id="14" stage="1" lat="1">
<core>NULL</core>
<MemPortIdVec></MemPortIdVec>
<condition id="-1">
<or_exp><and_exp></and_exp></or_exp>
</condition>

<Node id="63" bw="31" op_0_bw="32">
<![CDATA[
entry:61 %trunc_ln13 = trunc i32 %result_V_7

]]></Node>
<StgValue><ssdm name="trunc_ln13"/></StgValue>
</operation>

<operation id="84" st_id="14" stage="1" lat="1">
<core>LogicGate</core>
<MemPortIdVec></MemPortIdVec>
<condition id="-1">
<or_exp><and_exp></and_exp></or_exp>
</condition>

<Node id="64" bw="31" op_0_bw="31" op_1_bw="31">
<![CDATA[
entry:62 %or_ln13 = or i31 %trunc_ln13, i31 %zii

]]></Node>
<StgValue><ssdm name="or_ln13"/></StgValue>
</operation>

<operation id="85" st_id="14" stage="1" lat="1">
<core>NULL</core>
<MemPortIdVec></MemPortIdVec>
<condition id="-1">
<or_exp><and_exp></and_exp></or_exp>
</condition>

<Node id="65" bw="1" op_0_bw="1" op_1_bw="32" op_2_bw="32">
<![CDATA[
entry:63 %tmp_9 = bitselect i1 @_ssdm_op_BitSelect.i1.i32.i32, i32 %result_V_7, i32 31

]]></Node>
<StgValue><ssdm name="tmp_9"/></StgValue>
</operation>

<operation id="86" st_id="14" stage="1" lat="1">
<core>NULL</core>
<MemPortIdVec></MemPortIdVec>
<condition id="-1">
<or_exp><and_exp></and_exp></or_exp>
</condition>

<Node id="66" bw="32" op_0_bw="32" op_1_bw="1" op_2_bw="31">
<![CDATA[
entry:64 %zii_1 = bitconcatenate i32 @_ssdm_op_BitConcatenate.i32.i1.i31, i1 %tmp_9, i31 %or_ln13

]]></Node>
<StgValue><ssdm name="zii_1"/></StgValue>
</operation>

<operation id="87" st_id="14" stage="1" lat="1">
<core>NULL</core>
<MemPortIdVec></MemPortIdVec>
<condition id="-1">
<or_exp><and_exp></and_exp></or_exp>
</condition>

<Node id="67" bw="32" op_0_bw="32">
<![CDATA[
entry:65 %y = bitcast i32 %zii_1

]]></Node>
<StgValue><ssdm name="y"/></StgValue>
</operation>

<operation id="88" st_id="14" stage="1" lat="1">
<core>NULL</core>
<MemPortIdVec></MemPortIdVec>
<condition id="-1">
<or_exp><and_exp></and_exp></or_exp>
</condition>

<Node id="68" bw="0" op_0_bw="32">
<![CDATA[
entry:66 %ret_ln15 = ret i32 %y

]]></Node>
<StgValue><ssdm name="ret_ln15"/></StgValue>
</operation>
</state>
</state_list>


<ports>
<port id="102" name="x" dir="0" iftype="0">
<core>NULL</core><StgValue><ssdm name="x"/></StgValue>
</port>
</ports>


<dataflows>
<dataflow id="104" from="_ssdm_op_Read.ap_auto.float" to="x_read" fromId="103" toId="15">
</dataflow>
<dataflow id="105" from="x" to="x_read" fromId="102" toId="15">
</dataflow>
<dataflow id="106" from="x_read" to="mul" fromId="15" toId="16">
</dataflow>
<dataflow id="108" from="StgValue_107" to="mul" fromId="107" toId="16">
</dataflow>
<dataflow id="109" from="x_read" to="mul" fromId="15" toId="17">
</dataflow>
<dataflow id="110" from="StgValue_107" to="mul" fromId="107" toId="17">
</dataflow>
<dataflow id="111" from="mul" to="dc" fromId="17" toId="18">
</dataflow>
<dataflow id="113" from="StgValue_112" to="dc" fromId="112" toId="18">
</dataflow>
<dataflow id="114" from="mul" to="dc" fromId="17" toId="19">
</dataflow>
<dataflow id="115" from="StgValue_112" to="dc" fromId="112" toId="19">
</dataflow>
<dataflow id="116" from="mul" to="dc" fromId="17" toId="20">
</dataflow>
<dataflow id="117" from="StgValue_112" to="dc" fromId="112" toId="20">
</dataflow>
<dataflow id="118" from="dc" to="data_V" fromId="20" toId="21">
</dataflow>
<dataflow id="120" from="_ssdm_op_BitSelect.i1.i32.i32" to="p_Result_s" fromId="119" toId="22">
</dataflow>
<dataflow id="121" from="data_V" to="p_Result_s" fromId="21" toId="22">
</dataflow>
<dataflow id="123" from="StgValue_122" to="p_Result_s" fromId="122" toId="22">
</dataflow>
<dataflow id="125" from="_ssdm_op_PartSelect.i8.i32.i32.i32" to="xs_exp_V" fromId="124" toId="23">
</dataflow>
<dataflow id="126" from="data_V" to="xs_exp_V" fromId="21" toId="23">
</dataflow>
<dataflow id="128" from="StgValue_127" to="xs_exp_V" fromId="127" toId="23">
</dataflow>
<dataflow id="130" from="StgValue_129" to="xs_exp_V" fromId="129" toId="23">
</dataflow>
<dataflow id="131" from="data_V" to="p_Result_1" fromId="21" toId="24">
</dataflow>
<dataflow id="133" from="_ssdm_op_BitConcatenate.i25.i1.i23.i1" to="mantissa" fromId="132" toId="25">
</dataflow>
<dataflow id="135" from="StgValue_134" to="mantissa" fromId="134" toId="25">
</dataflow>
<dataflow id="136" from="p_Result_1" to="mantissa" fromId="24" toId="25">
</dataflow>
<dataflow id="138" from="StgValue_137" to="mantissa" fromId="137" toId="25">
</dataflow>
<dataflow id="139" from="mantissa" to="zext_ln15" fromId="25" toId="26">
</dataflow>
<dataflow id="140" from="xs_exp_V" to="zext_ln346" fromId="23" toId="27">
</dataflow>
<dataflow id="141" from="zext_ln346" to="add_ln346" fromId="27" toId="28">
</dataflow>
<dataflow id="143" from="StgValue_142" to="add_ln346" fromId="142" toId="28">
</dataflow>
<dataflow id="145" from="_ssdm_op_BitSelect.i1.i9.i32" to="isNeg" fromId="144" toId="29">
</dataflow>
<dataflow id="146" from="add_ln346" to="isNeg" fromId="28" toId="29">
</dataflow>
<dataflow id="148" from="StgValue_147" to="isNeg" fromId="147" toId="29">
</dataflow>
<dataflow id="150" from="StgValue_149" to="sub_ln1512" fromId="149" toId="30">
</dataflow>
<dataflow id="151" from="xs_exp_V" to="sub_ln1512" fromId="23" toId="30">
</dataflow>
<dataflow id="152" from="sub_ln1512" to="sext_ln1512" fromId="30" toId="31">
</dataflow>
<dataflow id="153" from="isNeg" to="ush" fromId="29" toId="32">
</dataflow>
<dataflow id="154" from="sext_ln1512" to="ush" fromId="31" toId="32">
</dataflow>
<dataflow id="155" from="add_ln346" to="ush" fromId="28" toId="32">
</dataflow>
<dataflow id="156" from="ush" to="sext_ln1488" fromId="32" toId="33">
</dataflow>
<dataflow id="157" from="sext_ln1488" to="zext_ln1488" fromId="33" toId="34">
</dataflow>
<dataflow id="158" from="zext_ln15" to="r_V" fromId="26" toId="35">
</dataflow>
<dataflow id="159" from="zext_ln1488" to="r_V" fromId="34" toId="35">
</dataflow>
<dataflow id="160" from="zext_ln15" to="r_V_1" fromId="26" toId="36">
</dataflow>
<dataflow id="161" from="zext_ln1488" to="r_V_1" fromId="34" toId="36">
</dataflow>
<dataflow id="163" from="_ssdm_op_BitSelect.i1.i79.i32" to="tmp" fromId="162" toId="37">
</dataflow>
<dataflow id="164" from="r_V" to="tmp" fromId="35" toId="37">
</dataflow>
<dataflow id="166" from="StgValue_165" to="tmp" fromId="165" toId="37">
</dataflow>
<dataflow id="167" from="tmp" to="zext_ln818" fromId="37" toId="38">
</dataflow>
<dataflow id="169" from="_ssdm_op_PartSelect.i31.i79.i32.i32" to="tmp_3" fromId="168" toId="39">
</dataflow>
<dataflow id="170" from="r_V_1" to="tmp_3" fromId="36" toId="39">
</dataflow>
<dataflow id="171" from="StgValue_165" to="tmp_3" fromId="165" toId="39">
</dataflow>
<dataflow id="173" from="StgValue_172" to="tmp_3" fromId="172" toId="39">
</dataflow>
<dataflow id="174" from="isNeg" to="val" fromId="29" toId="40">
</dataflow>
<dataflow id="175" from="zext_ln818" to="val" fromId="38" toId="40">
</dataflow>
<dataflow id="176" from="tmp_3" to="val" fromId="39" toId="40">
</dataflow>
<dataflow id="178" from="StgValue_177" to="result_V_2" fromId="177" toId="41">
</dataflow>
<dataflow id="179" from="val" to="result_V_2" fromId="40" toId="41">
</dataflow>
<dataflow id="180" from="p_Result_s" to="result_V" fromId="22" toId="42">
</dataflow>
<dataflow id="181" from="result_V_2" to="result_V" fromId="41" toId="42">
</dataflow>
<dataflow id="182" from="val" to="result_V" fromId="40" toId="42">
</dataflow>
<dataflow id="183" from="result_V" to="zif" fromId="42" toId="43">
</dataflow>
<dataflow id="185" from="_ssdm_op_PartSelect.i8.i31.i32.i32" to="tmp_4" fromId="184" toId="44">
</dataflow>
<dataflow id="186" from="result_V" to="tmp_4" fromId="42" toId="44">
</dataflow>
<dataflow id="187" from="StgValue_127" to="tmp_4" fromId="127" toId="44">
</dataflow>
<dataflow id="188" from="StgValue_129" to="tmp_4" fromId="129" toId="44">
</dataflow>
<dataflow id="189" from="zif" to="zext_ln10" fromId="43" toId="45">
</dataflow>
<dataflow id="190" from="zext_ln10" to="conv2" fromId="45" toId="46">
</dataflow>
<dataflow id="192" from="_ssdm_op_BitSelect.i1.i31.i32" to="tmp_1" fromId="191" toId="47">
</dataflow>
<dataflow id="193" from="result_V" to="tmp_1" fromId="42" toId="47">
</dataflow>
<dataflow id="195" from="StgValue_194" to="tmp_1" fromId="194" toId="47">
</dataflow>
<dataflow id="196" from="zext_ln10" to="conv2" fromId="45" toId="48">
</dataflow>
<dataflow id="197" from="tmp_1" to="select_ln12" fromId="47" toId="49">
</dataflow>
<dataflow id="199" from="StgValue_198" to="select_ln12" fromId="198" toId="49">
</dataflow>
<dataflow id="201" from="StgValue_200" to="select_ln12" fromId="200" toId="49">
</dataflow>
<dataflow id="202" from="conv2" to="mul3" fromId="48" toId="50">
</dataflow>
<dataflow id="203" from="select_ln12" to="mul3" fromId="49" toId="50">
</dataflow>
<dataflow id="204" from="conv2" to="mul3" fromId="48" toId="51">
</dataflow>
<dataflow id="205" from="select_ln12" to="mul3" fromId="49" toId="51">
</dataflow>
<dataflow id="206" from="tmp_1" to="select_ln12_1" fromId="47" toId="52">
</dataflow>
<dataflow id="208" from="StgValue_207" to="select_ln12_1" fromId="207" toId="52">
</dataflow>
<dataflow id="210" from="StgValue_209" to="select_ln12_1" fromId="209" toId="52">
</dataflow>
<dataflow id="211" from="mul3" to="dc_1" fromId="51" toId="53">
</dataflow>
<dataflow id="212" from="select_ln12_1" to="dc_1" fromId="52" toId="53">
</dataflow>
<dataflow id="213" from="mul3" to="dc_1" fromId="51" toId="54">
</dataflow>
<dataflow id="214" from="select_ln12_1" to="dc_1" fromId="52" toId="54">
</dataflow>
<dataflow id="215" from="mul3" to="dc_1" fromId="51" toId="55">
</dataflow>
<dataflow id="216" from="select_ln12_1" to="dc_1" fromId="52" toId="55">
</dataflow>
<dataflow id="218" from="_ssdm_op_SpecBitsMap" to="specbitsmap_ln0" fromId="217" toId="56">
</dataflow>
<dataflow id="219" from="StgValue_209" to="specbitsmap_ln0" fromId="209" toId="56">
</dataflow>
<dataflow id="221" from="_ssdm_op_SpecTopModule" to="spectopmodule_ln3" fromId="220" toId="57">
</dataflow>
<dataflow id="223" from="empty_1" to="spectopmodule_ln3" fromId="222" toId="57">
</dataflow>
<dataflow id="224" from="_ssdm_op_SpecBitsMap" to="specbitsmap_ln0" fromId="217" toId="58">
</dataflow>
<dataflow id="225" from="x" to="specbitsmap_ln0" fromId="102" toId="58">
</dataflow>
<dataflow id="227" from="_ssdm_op_SpecInterface" to="specinterface_ln0" fromId="226" toId="59">
</dataflow>
<dataflow id="228" from="x" to="specinterface_ln0" fromId="102" toId="59">
</dataflow>
<dataflow id="230" from="empty" to="specinterface_ln0" fromId="229" toId="59">
</dataflow>
<dataflow id="232" from="StgValue_231" to="specinterface_ln0" fromId="231" toId="59">
</dataflow>
<dataflow id="233" from="StgValue_231" to="specinterface_ln0" fromId="231" toId="59">
</dataflow>
<dataflow id="235" from="empty_0" to="specinterface_ln0" fromId="234" toId="59">
</dataflow>
<dataflow id="236" from="StgValue_231" to="specinterface_ln0" fromId="231" toId="59">
</dataflow>
<dataflow id="237" from="StgValue_231" to="specinterface_ln0" fromId="231" toId="59">
</dataflow>
<dataflow id="238" from="empty_0" to="specinterface_ln0" fromId="234" toId="59">
</dataflow>
<dataflow id="239" from="empty_0" to="specinterface_ln0" fromId="234" toId="59">
</dataflow>
<dataflow id="240" from="empty_0" to="specinterface_ln0" fromId="234" toId="59">
</dataflow>
<dataflow id="241" from="StgValue_231" to="specinterface_ln0" fromId="231" toId="59">
</dataflow>
<dataflow id="242" from="StgValue_231" to="specinterface_ln0" fromId="231" toId="59">
</dataflow>
<dataflow id="243" from="StgValue_231" to="specinterface_ln0" fromId="231" toId="59">
</dataflow>
<dataflow id="244" from="StgValue_231" to="specinterface_ln0" fromId="231" toId="59">
</dataflow>
<dataflow id="245" from="empty_0" to="specinterface_ln0" fromId="234" toId="59">
</dataflow>
<dataflow id="246" from="empty_0" to="specinterface_ln0" fromId="234" toId="59">
</dataflow>
<dataflow id="248" from="StgValue_247" to="specinterface_ln0" fromId="247" toId="59">
</dataflow>
<dataflow id="249" from="StgValue_231" to="specinterface_ln0" fromId="231" toId="59">
</dataflow>
<dataflow id="251" from="_ssdm_op_BitConcatenate.i31.i8.i23" to="zii" fromId="250" toId="60">
</dataflow>
<dataflow id="252" from="tmp_4" to="zii" fromId="44" toId="60">
</dataflow>
<dataflow id="254" from="StgValue_253" to="zii" fromId="253" toId="60">
</dataflow>
<dataflow id="255" from="dc_1" to="data_V_1" fromId="55" toId="61">
</dataflow>
<dataflow id="256" from="_ssdm_op_BitSelect.i1.i32.i32" to="p_Result_2" fromId="119" toId="62">
</dataflow>
<dataflow id="257" from="data_V_1" to="p_Result_2" fromId="61" toId="62">
</dataflow>
<dataflow id="258" from="StgValue_122" to="p_Result_2" fromId="122" toId="62">
</dataflow>
<dataflow id="259" from="_ssdm_op_PartSelect.i8.i32.i32.i32" to="xs_exp_V_1" fromId="124" toId="63">
</dataflow>
<dataflow id="260" from="data_V_1" to="xs_exp_V_1" fromId="61" toId="63">
</dataflow>
<dataflow id="261" from="StgValue_127" to="xs_exp_V_1" fromId="127" toId="63">
</dataflow>
<dataflow id="262" from="StgValue_129" to="xs_exp_V_1" fromId="129" toId="63">
</dataflow>
<dataflow id="263" from="data_V_1" to="p_Result_3" fromId="61" toId="64">
</dataflow>
<dataflow id="264" from="_ssdm_op_BitConcatenate.i25.i1.i23.i1" to="mantissa_1" fromId="132" toId="65">
</dataflow>
<dataflow id="265" from="StgValue_134" to="mantissa_1" fromId="134" toId="65">
</dataflow>
<dataflow id="266" from="p_Result_3" to="mantissa_1" fromId="64" toId="65">
</dataflow>
<dataflow id="267" from="StgValue_137" to="mantissa_1" fromId="137" toId="65">
</dataflow>
<dataflow id="268" from="mantissa_1" to="zext_ln15_1" fromId="65" toId="66">
</dataflow>
<dataflow id="269" from="xs_exp_V_1" to="zext_ln346_1" fromId="63" toId="67">
</dataflow>
<dataflow id="270" from="zext_ln346_1" to="add_ln346_1" fromId="67" toId="68">
</dataflow>
<dataflow id="271" from="StgValue_142" to="add_ln346_1" fromId="142" toId="68">
</dataflow>
<dataflow id="272" from="_ssdm_op_BitSelect.i1.i9.i32" to="isNeg_1" fromId="144" toId="69">
</dataflow>
<dataflow id="273" from="add_ln346_1" to="isNeg_1" fromId="68" toId="69">
</dataflow>
<dataflow id="274" from="StgValue_147" to="isNeg_1" fromId="147" toId="69">
</dataflow>
<dataflow id="275" from="StgValue_149" to="sub_ln1512_1" fromId="149" toId="70">
</dataflow>
<dataflow id="276" from="xs_exp_V_1" to="sub_ln1512_1" fromId="63" toId="70">
</dataflow>
<dataflow id="277" from="sub_ln1512_1" to="sext_ln1512_1" fromId="70" toId="71">
</dataflow>
<dataflow id="278" from="isNeg_1" to="ush_1" fromId="69" toId="72">
</dataflow>
<dataflow id="279" from="sext_ln1512_1" to="ush_1" fromId="71" toId="72">
</dataflow>
<dataflow id="280" from="add_ln346_1" to="ush_1" fromId="68" toId="72">
</dataflow>
<dataflow id="281" from="ush_1" to="sext_ln1488_1" fromId="72" toId="73">
</dataflow>
<dataflow id="282" from="sext_ln1488_1" to="zext_ln1488_1" fromId="73" toId="74">
</dataflow>
<dataflow id="283" from="zext_ln15_1" to="r_V_2" fromId="66" toId="75">
</dataflow>
<dataflow id="284" from="zext_ln1488_1" to="r_V_2" fromId="74" toId="75">
</dataflow>
<dataflow id="285" from="zext_ln15_1" to="r_V_3" fromId="66" toId="76">
</dataflow>
<dataflow id="286" from="zext_ln1488_1" to="r_V_3" fromId="74" toId="76">
</dataflow>
<dataflow id="287" from="_ssdm_op_BitSelect.i1.i79.i32" to="tmp_8" fromId="162" toId="77">
</dataflow>
<dataflow id="288" from="r_V_2" to="tmp_8" fromId="75" toId="77">
</dataflow>
<dataflow id="289" from="StgValue_165" to="tmp_8" fromId="165" toId="77">
</dataflow>
<dataflow id="290" from="tmp_8" to="zext_ln818_1" fromId="77" toId="78">
</dataflow>
<dataflow id="292" from="_ssdm_op_PartSelect.i32.i79.i32.i32" to="tmp_7" fromId="291" toId="79">
</dataflow>
<dataflow id="293" from="r_V_3" to="tmp_7" fromId="76" toId="79">
</dataflow>
<dataflow id="294" from="StgValue_165" to="tmp_7" fromId="165" toId="79">
</dataflow>
<dataflow id="296" from="StgValue_295" to="tmp_7" fromId="295" toId="79">
</dataflow>
<dataflow id="297" from="isNeg_1" to="val_1" fromId="69" toId="80">
</dataflow>
<dataflow id="298" from="zext_ln818_1" to="val_1" fromId="78" toId="80">
</dataflow>
<dataflow id="299" from="tmp_7" to="val_1" fromId="79" toId="80">
</dataflow>
<dataflow id="300" from="StgValue_231" to="result_V_6" fromId="231" toId="81">
</dataflow>
<dataflow id="301" from="val_1" to="result_V_6" fromId="80" toId="81">
</dataflow>
<dataflow id="302" from="p_Result_2" to="result_V_7" fromId="62" toId="82">
</dataflow>
<dataflow id="303" from="result_V_6" to="result_V_7" fromId="81" toId="82">
</dataflow>
<dataflow id="304" from="val_1" to="result_V_7" fromId="80" toId="82">
</dataflow>
<dataflow id="305" from="result_V_7" to="trunc_ln13" fromId="82" toId="83">
</dataflow>
<dataflow id="306" from="trunc_ln13" to="or_ln13" fromId="83" toId="84">
</dataflow>
<dataflow id="307" from="zii" to="or_ln13" fromId="60" toId="84">
</dataflow>
<dataflow id="308" from="_ssdm_op_BitSelect.i1.i32.i32" to="tmp_9" fromId="119" toId="85">
</dataflow>
<dataflow id="309" from="result_V_7" to="tmp_9" fromId="82" toId="85">
</dataflow>
<dataflow id="310" from="StgValue_122" to="tmp_9" fromId="122" toId="85">
</dataflow>
<dataflow id="312" from="_ssdm_op_BitConcatenate.i32.i1.i31" to="zii_1" fromId="311" toId="86">
</dataflow>
<dataflow id="313" from="tmp_9" to="zii_1" fromId="85" toId="86">
</dataflow>
<dataflow id="314" from="or_ln13" to="zii_1" fromId="84" toId="86">
</dataflow>
<dataflow id="315" from="zii_1" to="y" fromId="86" toId="87">
</dataflow>
<dataflow id="316" from="y" to="ret_ln15" fromId="87" toId="88">
</dataflow>
<dataflow id="317" from="p_Result_s" to="StgValue_7" fromId="22" toId="7">
</dataflow>
</dataflows>


</stg>
