<root versionMajor = "1" versionMinor = "5">
  <kernel src_name="exp_P1_2p" language="c" hwCtrl="ap_ctrl_hs" mem_layout="fpga64-xilinx-none">
    <args>
      <arg id="0" access_type="r" src_name="x" src_type="float" src_isptr="0" src_bitwidth="32" src_size_or_depth="1">
        <hw hw_usage="data" hw_interface="Register" hw_name="x" hw_bitwidth="32" hw_size_or_depth="1" hw_kernel_support="false">
          <constraint constraint_type="pragma interface" mode="ap_none" register_option="0"/>
        </hw>
      </arg>
    </args>
    <return src_type="float" src_bitwidth="32" offset="0x0">
      <hw hw_usage="data" hw_interface="Register" hw_name="return" hw_bitwidth="32" hw_kernel_support="false"/>
    </return>
  </kernel>
</root>
