<?xml version="1.0" encoding="UTF-8"?>
<vivadoHLSLog:LogRoot xmlns:vivadoHLSLog="www.xilinx.com/vivadoHLSLog">
  <errorLogs>
    <logs>
      <synLog/>
      <simLog/>
      <mgLog/>
      <packageLog/>
      <csimLog/>
    </logs>
  </errorLogs>
  <warningLogs>
    <logs>
      <synLog>
        <logs message="WARNING: [HLS 207-919] treating Unicode character as whitespace (exp_P1_4pM.c:6:6)" projectName="exp_P1_4pM" solutionName="solution1" date="2023-07-16T23:17:14.901+0200" type="Warning"/>
        <logs message="WARNING: [HLS 207-3917] excess elements in array initializer (exp_P1_4pM.c:2:43)" projectName="exp_P1_4pM" solutionName="solution1" date="2023-07-16T23:17:14.753+0200" type="Warning"/>
      </synLog>
      <simLog/>
      <mgLog/>
      <packageLog/>
      <csimLog/>
    </logs>
  </warningLogs>
</vivadoHLSLog:LogRoot>
